Tokens,Count
white blood cell count,2
maternal infection,1
chorioamnionitis,5
medical records,7
retrospective,31
antibiotics,11
evaluation,23
indicators,5
University,11
Histologic,4
associated,134
placentas,2
infection,16
performed,125
diagnosis,69
trimester,1
frequent,13
clinical,95
Hospital,25
Maternal,5
reviewed,41
presence,45
January,28
degree,18
mother,1
review,15
cases,95
acute,17
Cases,4
usage,7
July,10
mean,122
Complex regional pain syndrome,1
complex regional pain syndrome,4
confidence interval,40
multicenter trial,1
affected patients,1
ascorbic acid,1
fracture type,6
Three hundred,4
relative risk,10
development,24
complaints,7
occurrence,7
prevalence,38
vitamin C,5
fractures,35
treatment,159
predicted,7
reported,78
response,40
patients,1038
Analysis,4
treated,101
placebo,27
related,72
elderly,22
effect,55
double,12
gender,20
study,348
wrist,4
blind,10
daily,8
group,304
women,151
Early,2
dose,43
days,42
cast,2
age,168
Fournier's gangrene,3
leukocyte count,6
mortality rate,2
debridement,2
risk factor,12
significant,197
aggressive,8
experience,28
prognostic,16
morbidity,17
mortality,70
survivors,5
December,17
deceased,1
hospital,44
impact,32
Center,2
Mother,2
known,21
years,197
high,68
died,14
Mean,34
mm3,1
Peripheral blood,1
dendritic cells,2
flow cytometry,2
TCR zeta chain,1
downregulation,1
primary tumor,4
pneumothorax,1
lymph nodes,5
lung cancer,7
Twenty-four,3
cytokeratin,1
properties,3
lymph node,5
expression,35
maturation,1
metastases,12
diagnosed,35
emphysema,1
apoptosis,3
reduction,30
regional,13
positive,73
obtained,65
Separate,2
examined,46
striking,1
control,65
T cells,7
myeloid,1
absence,12
changes,27
immune,2
stages,8
tissue,13
levels,94
tested,20
frozen,2
number,89
status,30
NSCLC,1
cells,5
color,1
state,13
cell,3
zeta,1
This,23
TCR,1
pancreas transplantation,1
end-stage renal disease,1
retransplantation,2
transplantations,3
poorly defined,2
graft survival,4
transplanted,1
simultaneous,4
management,34
population,49
including,47
diabetic,16
pancreas,12
survival,88
function,24
Survival,3
Pancreas,1
primary,73
Patient,9
5 years,9
type 1,6
kidney,7
1 year,17
better,17
graft,5
whole,16
cause,22
lost,2
retransplantations,1
small cell lung cancer,3
pulmonary resection,1
pulmonary function,1
gender difference,5
survival analysis,3
pathologic stage,7
adenocarcinoma,9
Cancer Center,3
preoperative,43
procedures,21
according,45
histology,8
operation,17
variables,44
resected,4
National,14
matching,4
divided,26
matched,26
greater,49
Overall,23
overall,44
smoking,34
Tokyo,1
score,82
year,85
used,108
men,54
sexually transmitted disease,1
congenital syphilis,2
secondary syphilis,1
general population,7
antenatal clinic,1
service workers,1
approximately,11
case reports,3
blood donors,2
distribution,21
established,12
HIV testing,1
prostitutes,2
homosexuals,2
adolescents,6
condom use,2
Condom use,1
knowledge,22
incidence,35
increased,73
high risk,2
reporting,11
increases,13
epidemic,2
attitude,2
practice,15
Syphilis,1
partners,5
Control,3
Program,5
Jamaica,2
monitor,6
Primary,3
regular,19
partner,2
condoms,3
clinic,20
female,25
groups,164
annual,7
around,2
period,57
adults,29
condom,2
Women,12
inner,1
sales,1
late,14
food,15
less,52
aged,46
city,2
Bay,1
sex,35
Gay,1
enzyme-linked immunosorbent assay,2
herpes simplex virus type 1,1
predisposing factors,1
herpes labialis,1
grading system,1
immunoglobulin,1
antibody titer,1
Seven hundred,1
control group,56
facial palsy,7
risk factors,40
prevention,9
considered,35
antibodies,4
maintained,5
evolution,3
recurrent,14
paralysis,1
3 grade,1
acyclovir,1
recovered,1
anatomic,9
possible,19
specific,35
referred,32
delayed,26
history,24
lesions,25
3 weeks,1
patient,100
therapy,44
labial,2
facial,5
dates,2
onset,29
House,1
Virus,1
HSV-1,1
grade,20
IgM,3
IgG,3
percutaneous transhepatic biliary drainage,1
Gallbladder carcinoma,1
gallbladder carcinoma,1
palliative treatment,1
Surgical resection,1
anterior-posterior,1
performance status,2
gallbladder cancer,1
poor prognosis,2
right lateral,1
radiotherapy,23
unresectable,3
percutaneous,7
transhepatic,1
ineffective,1
literature,14
laparotomy,7
palliative,3
laboratory,10
fractions,4
permanent,4
12 months,8
abdominal,10
extension,3
adjuvant,4
external,6
fraction,6
present,40
choice,7
intent,6
5 days,2
weekly,6
follow,87
field,6
total,118
local,35
tumor,18
role,21
case,36
good,18
old,15
cGy,2
CTs,2
far,5
ventricular dysfunction,2
systolic blood pressure,4
emergency department,7
hospital mortality,5
pulmonary embolism,2
oxygen saturation,1
cardiac troponin,2
clinical course,4
chart review,6
presentation,12
thrombolysis,3
Thirty-three,3
complicated,4
ventilation,11
One hundred,7
hypotension,2
prediction,1
mechanical,7
identified,63
odds ratio,28
confirmed,27
elevated,25
Clinical,9
included,86
Elevated,4
purpose,39
testing,16
serious,10
events,7
normal,38
April,7
right,14
vital,3
pulse,3
cTnI,12
need,14
patient satisfaction,8
external fixation,1
local anesthesia,1
fracture types,1
satisfaction,8
intervention,28
Twenty-eight,6
application,6
classified,19
isolated,11
Patients,70
fracture,21
effects,47
10 days,5
5 types,1
surgery,101
average,37
closed,4
timing,11
trauma,16
survey,30
severe,42
nasal,1
month,13
happy,5
Only,22
male,18
mild,17
day,47
attending physician,1
Gastroenterology,1
size perception,1
body mass index,15
questionnaire,27
normal weight,2
Likert scale,1
descriptions,3
perceptions,4
percentiles,1
categorized,8
underweight,3
description,2
physicians,12
body image,2
overweight,3
calculated,29
Forty-four,1
body size,3
Pediatric,3
unrelated,2
completed,25
reference,7
standards,3
estimates,14
perceived,10
children,91
measured,60
Accuracy,3
parents,19
doctors,9
percent,23
several,16
Clinic,3
Weight,1
height,4
scale,11
given,32
obese,25
body,8
seen,31
clinical characteristics,3
salivary gland diseases,1
immunodeficiency virus,2
floor of mouth,1
anatomical sites,1
clinical study,3
oral mucocele,1
HIV positive,2
Thirty-eight,2
information,29
Seventy-two,1
HIV status,1
mucoceles,2
following,38
frequency,22
locations,4
mucocele,1
Mucocele,1
negative,39
ranulas,6
females,24
tongue,1
simple,5
Ranula,1
ranula,1
focus,10
human,12
males,28
oral,17
data,106
well,40
Most,11
peak,22
lips,1
risk,93
lip,1
common iliac artery,1
magnetic resonance,8
abdominal aorta,3
MR angiography,2
concentrations,28
iliac arteries,1
image quality,3
angiography,2
gadolinium,1
assigned,10
original,5
amounts,4
blinded,7
single,17
common,31
major,16
noise,5
ratio,33
image,10
lower,63
oral hypoglycemic agents,1
oral hypoglycemic,1
treatment failure,1
type 2 diabetes,6
sulfonylurea,2
primary care,7
postprandial,1
hypoglycemic,2
twice daily,1
weight gain,4
controlled,12
hemoglobin,4
medication,5
metformin,10
unchanged,8
Increased,2
baseline,53
adjusted,27
measures,22
symptoms,52
improved,20
failures,3
insulin,10
bedtime,1
Persons,2
disease,56
maximal,8
dosages,1
Insulin,2
fasting,4
Outcome,4
general,14
mmol/L,5
weight,27
label,1
alone,15
HbA1c,3
equal,12
Open,1
mmol,6
fear,1
Fear,1
self,28
NPH,1
somatosensory evoked potentials,1
intraoperative monitoring,1
motor evoked potentials,1
intensive care unit,8
respiratory arrest,2
cerebral function,1
thoracoabdominal,1
aortic aneurysms,1
blood pressure,11
intraoperative,9
Postoperative,3
resuscitation,2
manipulation,3
paraparesis,2
strategies,6
paraplegia,3
anesthetic,2
dissection,7
lower body,1
ambulatory,4
involving,7
segmental,4
sacrifice,2
Operative,4
immediate,8
resulting,5
arteries,5
thoracic,3
ischemia,18
October,8
6 hours,2
repair,18
poorly,3
serial,2
artery,5
median,64
4 days,2
course,10
endotracheal intubation,1
flexible endoscope,2
general anesthesia,3
gastrojejunostomy,1
peritoneal cavity,3
intraperitoneal,5
peritoneoscopy,1
tubal ligation,1
electrocautery,2
complications,43
Visualization,1
liver biopsy,3
transgastric,3
mobilization,4
therapeutic,12
splenectomy,6
experiments,2
endoscopic,5
Endoscopic,2
procedure,25
endoscope,2
mesentery,1
dissected,3
available,23
approach,11
puncture,3
extended,3
incision,3
advanced,20
entrance,1
Ligation,1
porcine,1
animals,10
liquids,1
stomach,5
gastric,3
channel,3
splenic,2
vessels,2
devices,8
3 days,3
needle,9
create,4
spleen,4
organs,1
model,40
knife,1
loops,1
clips,1
goal,9
pigs,4
wall,3
pull,1
air,4
bone morphogenetic protein 2,1
cardiovascular risk factor,2
Arterial calcification,1
arterial calcification,2
arteriovenous fistula,1
immunohistochemistry,7
matrix Gla protein,1
global assessment,1
Nutrition status,1
radial arteries,1
radial artery,1
serum albumin,1
relationships,10
hemodialysis,6
relationship,52
malnutrition,2
quantitative,5
western blot,1
biochemical,8
Hematoxylin,1
depositions,2
expressions,4
subjective,6
structures,4
phosphorus,3
surgeries,2
calcified,4
involved,14
modified,9
arterial,4
Alizarin,1
classify,3
detected,33
Related,1
methods,15
calcium,2
product,2
series,12
medial,2
serum,28
eosin,1
stain,2
layer,2
areas,18
And,1
red,1
calcification,2
Serum follicle stimulating hormone,1
human chorionic gonadotrophin,2
complete hydatidiform mole,1
trophoblastic disease,2
statistical analysis,5
university hospital,3
stage of pregnancy,1
hydatidiform mole,2
public hospitals,1
follicular phase,1
menstrual cycles,1
pregnant women,13
serum inhibin,3
observations,2
Correlation,5
evacuation,7
persistent,2
suppressed,3
analysis,85
followed,20
inhibin,4
hormone,4
cytosol,1
months,95
viable,1
large,19
Japan,1
newly,7
molar,4
Serum,4
mole,3
twin,1
None,9
new,20
complex partial seizures,1
antiepileptic drugs,2
therapeutic range,2
outpatients,3
generalized,7
zonisamide,1
Zonisamide,1
epileptic,1
caregiver,2
myoclonia,1
tolerance,4
epilepsy,2
reports,11
seizure,6
Safety,2
Plasma,2
adult,14
types,19
tonic,2
Good,2
mg/L,1
outcome measure,7
follow-up visit,3
implantation,8
consensus,9
variation,2
Medicare,12
eligible,11
attended,6
minimum,10
initial,34
device,12
person,10
Follow,2
weeks,33
white,14
black,9
trend,17
June,10
main,14
randomized controlled trial,4
controlling pain,1
self-management,2
pain control,3
Experimental,2
Sixty-seven,2
minorities,5
enrollment,3
secondary,16
education,19
physician,19
Minority,1
minority,4
coaching,2
speaking,4
moderate,11
increase,47
scripted,1
reducing,5
reflect,3
English,7
2 weeks,5
cancer,15
minute,13
worse,11
pain,46
part,11
Data,28
week,22
Patient Health Questionnaire-9,1
depressive symptoms,3
standard deviation,4
visual impairment,2
vision impairment,2
psychometric,1
participants,27
differential,1
investigate,40
functioning,3
low vision,1
thresholds,8
categories,4
confirming,1
disability,6
separation,1
possesses,1
essential,4
initially,11
depressed,4
Residual,1
measure,18
degrees,5
freedom,2
persons,14
people,11
Almost,2
visual,7
middle,7
fit,8
eye,9
Fit,1
extracorporeal shock wave lithotripsy,1
intravenous urography,1
kidney ultrasound,1
infundibulum,6
Three months,1
renal pelvis,1
lithotripsy,1
containing,6
fragments,2
described,5
lower lip,1
parameter,4
relation,15
3 months,10
residual,7
distance,8
calculus,1
calculi,2
benefit,11
success,11
removal,8
length,12
Height,1
renal,6
X-ray,10
angle,5
width,7
minor,7
calyx,1
point,15
scan,5
free,30
line,14
pre,19
College of American Pathologists,1
squamous cell carcinoma,5
urothelial carcinoma,1
carcinoma in situ,1
cytotechnologist,1
Interlaboratory,1
urine cytology,1
interpretation,4
pathologists,1
performance,33
Participant,1
pathologist,3
Concordance,1
Comparison,3
challenges,3
specimens,27
malignant,8
responses,15
dysplasia,1
Cytology,1
category,11
classic,4
Classic,1
urinary,5
liquid,4
smears,3
slide,3
urine,6
exact,10
Cytotechnologists,1
health centre,1
hypertensive,10
hypertension,14
diastolic BP,1
systolic BP,6
measurement,10
sensitivity,23
specificity,13
probability,17
predictive,15
community,17
carried,15
village,1
centres,3
health,28
nurse,4
Spain,2
area,38
mmHg,11
May,7
NPV,3
gastrointestinal bleed,1
capsule endoscopy,1
African-American,1
ileocecal valve,1
Indications,2
small bowel,9
strictures,2
Thirty-two,1
retrograde,2
antegrade,4
pathology,5
bleeding,9
findings,43
minutes,11
pylorus,1
sources,5
Crohn's,1
anemia,6
meters,1
biopsy,20
March,8
Video,1
form,6
Roswell Park Cancer Institute,1
Cancer of buccal mucosa,1
neoplasm of oral cavity,1
surgical resection,3
tissue fixation,1
buccal mucosa,1
demographics,10
oral cavity,1
recurrence,21
carcinoma,3
resection,19
uncommon,4
majority,13
registry,4
database,14
criteria,48
cancers,15
failure,18
buccal,3
tumors,26
lesion,12
small,18
Less,2
mass,5
5 mm,2
surgical margins,3
discharge instructions,2
comprehension,7
understanding,3
discrepancies,1
instructions,7
concordance,9
understand,4
interviews,5
caregivers,8
difficulty,8
objective,16
discharge,18
awareness,11
agreement,11
deficient,3
complete,21
deficits,3
authors,12
minimal,4
partial,11
Greater,2
recall,3
scored,4
failed,13
final,15
able,8
care,59
post,28
structured diagnostic interview,1
musculoskeletal pain,1
analysis of variance,6
experimental study,2
Headache Disorders,1
repeated measures,5
chronic headache,1
Classification,2
International,3
chronic pain,1
environment,7
emotional,11
migraine,8
research,15
headache,23
stimulus,3
reaction,7
Migraine,1
studies,51
focused,6
chronic,23
Limited,1
edition,3
biases,2
attend,1
Prior,6
mixed,10
probe,2
bias,8
lack,6
clinical examination,4
general surgery,6
self-assessment,1
examination,22
evaluations,4
objectives,4
rotations,2
delivery,11
rotation,7
Students,8
students,24
written,3
scores,48
ward,15
utilization,3
increasing,21
Physiology,2
educators,2
scheduled,3
attending,11
lectures,7
Graduate,1
Medicine,3
separate,7
academic,8
concern,4
student,5
lecture,4
video,2
Entry,1
infectious diseases,2
haemagglutination,1
humoral immunity,1
inhibition test,1
short duration,1
concentration,9
encephalitis,1
insufficient,3
vaccination,5
field study,1
recommended,15
diphtheria,1
frequently,15
vaccinated,4
influenza,10
Antibody,1
antibody,4
tetanus,1
Disease,2
cities,2
young,18
frail,1
many,6
due,7
low,47
testicular atrophy,1
Testicular atrophy,1
cryptorchidism,1
Intraabdominal,1
postoperative,35
orchiopexy,4
individual,11
testicular,1
dependent,10
testicles,1
variable,18
testicle,1
inguinal,2
location,18
atrophy,12
testis,4
charts,5
testes,2
times,14
long,3
diabetes mellitus,8
serum creatinine,1
Five hundred,1
Laboratory,1
serum urea,1
pregnancy,20
Group 1,13
group 3,5
group 1,7
parity,9
GFR,2
Simplified Disease Activity Index,1
drug concentration,2
pharmacokinetics,1
Biologic Therapy,1
corticosteroid,4
administration,6
investigated,26
assessments,5
foot joints,1
injections,5
assessment,30
synovitis,6
Inclusion,2
remission,13
previous,17
Doppler,8
plasma,11
trough,4
joints,3
Global,2
active,26
joint,3
agent,1
power,7
ankle,1
Unit,3
mode,14
hand,6
TNF,6
DAS,1
National Health Interview Survey,2
Affordable Care Act,1
logistic regression,27
answered questions,1
ADL assistance,1
socioeconomic,7
assistance,3
interested,2
purchasing,1
voluntary,4
insurance,9
estimated,18
ethnicity,6
services,4
estimate,13
coverage,2
interest,9
benefits,12
maximum,13
monthly,7
willing,3
weights,5
Sample,1
public,6
income,13
family,11
CLASS,3
Adult,2
cover,1
said,2
race,7
pay,2
Activity of Daily Living,1
risk factors assessed,1
prevention strategies,1
visual assessment,2
Medical records,6
rehabilitation,2
documentation,6
osteoporosis,3
falls risk,4
inpatient,5
preceding,1
admission,16
Discharge,1
footwear,1
mobility,6
strength,10
Personal,1
training,29
strategy,4
records,14
limited,7
2 years,9
Common,2
falls,1
home,15
fall,5
5-9,2
fine-needle aspiration biopsy,1
thyroid nodules,2
ultrasonography,8
chi-square test,4
thyroid nodule,2
side effects,12
statistical,11
side effect,2
compression,12
aspiration,8
hemorrhage,4
injection,10
complaint,2
revealed,20
ethanol,5
Student,6
numbers,3
benign,8
cystic,4
t test,6
except,8
fluid,7
Pain,2
ankylosing spondylitis,1
age of onset,1
knee joints,1
dysfunction,1
Caucasians,1
peripheral,6
arthritis,1
Juvenile,1
New York,3
juvenile,5
Indian,2
forms,5
Case,3
drug,5
rest,6
see,1
hip,14
sexual behaviour,3
questionnaires,11
HIV infection,1
Cohort Study,1
mechanisms,3
regression,16
estimating,1
unsafe sex,2
diagnoses,8
practices,12
beginning,3
equations,2
infected,5
changing,6
6 months,3
3 years,4
Females,2
cohort,27
likely,37
report,14
Swiss,2
abdominal distension,1
final diagnosis,3
institution,15
prematurity,1
anomalies,4
November,11
meconium,2
neonatal,7
Infants,4
infants,29
birth,17
stool,2
ARM,7
malformation,1
external beam radiation,1
lymph node metastases,3
Clinical evaluation,1
perineural invasion,1
surgical treatment,10
complete response,3
rectal carcinoma,1
5-fluorouracil,2
rectal tumors,3
Preoperative,4
folinic acid,1
Thirty-nine,3
recurrences,1
incomplete,1
Fifty-two,1
tethered,4
radical,6
CRT,4
mid,8
<50,1
alcohol consumption,8
home environment,1
early pregnancy,2
follow-up study,2
binge drinking,4
motor function,8
alcohol intake,1
health status,7
participation,14
Birth Cohort,1
maternal age,1
association,43
Assessment,4
systematic,3
potential,26
postnatal,2
organized,1
episodes,21
maternal,22
Movement,1
Children,14
Parental,2
prenatal,4
sampled,4
Battery,1
hearing,6
mothers,17
respect,14
Danish,2
tester,1
child,12
binge,4
sport,1
core,9
full,24
Washington state,1
health services,2
unsatisfactory,3
Fluoridation,1
restorations,3
fluoridation,1
communities,1
restoration,2
telephone,6
exposure,17
provider,3
Relative,2
drinking,3
relative,19
supplier,1
spouses,1
dentist,2
induced,17
dental,4
demand,4
Adults,3
Market,1
supply,3
water,6
lives,1
teeth,6
decay,4
When,19
use,76
personal characteristics,1
hospital laboratory,2
general practices,3
general practice,7
anticoagulation,11
anticoagulant,2
gold standard,2
warfarin dose,1
measurements,24
laboratories,9
estimations,1
techniques,6
standard,20
clinics,11
various,11
derived,16
funded,2
method,25
change,27
tests,27
acute appendicitis,11
C-reactive protein,4
Eighty-three,2
appendectomy,7
age groups,4
difficult,6
challenge,2
leukocyte,2
subgroups,3
contained,3
appendix,2
fertile,1
counts,9
postoperative complications,10
gastrointestinal symptoms,3
retrospective study,11
computed tomography,7
gastric stenosis,1
barium swallow,1
Hiatal hernia,1
laparoscopic,12
gastrectomy,2
weight loss,6
inadequate,3
revision,5
Group A,1
Group B,3
stopped,3
sleeve,2
safety,7
fundus,5
upper,5
intra,5
GERD,9
continuous positive airway pressure,1
Pittsburgh Sleep Quality Index,1
idiopathic pulmonary fibrosis,1
Beck Depression Inventory,1
Epworth Sleepiness Scale,1
obstructive sleep apnea,1
Fatigue Severity Scale,1
moderate to severe,3
quality of life,13
nocturnal cough,2
claustrophobia,1
Questionnaire,8
life quality,1
difficulties,6
Improvement,2
initiation,10
Functional,5
published,13
overnight,1
titration,2
effective,31
insomnia,1
Therapy,2
reasons,9
recent,6
sleep,5
Sleep,3
staff,4
IPF,3
FSS,2
BDI,2
polysomnography,1
Event-related potentials,1
infrequent,1
modulated,3
attention,6
positions,4
Emotional,1
position,26
additive,2
prosody,5
spatial,12
fearful,1
Pseudo,1
detect,12
early,33
distilled water,1
effectiveness,9
disinfection,1
establishing,1
putrefactive,1
liquefaction,1
preservative,1
disinfectant,1
constituent,1
observation,11
preserving,3
substances,5
appearance,4
postmortem,6
experiment,7
Experiment,1
Embalming,1
arresting,1
embalming,5
chemical,7
72 hours,5
contains,2
funeral,1
tissues,5
alcohol,16
bodies,3
albino,1
arrest,2
death,22
hours,15
gases,1
life,21
rats,16
art,1
communications,3
Characteristic,1
manifestations,6
considerations,1
pediatricians,2
asphyxiation,2
excitement,1
Voluntary,1
addresses,2
citations,4
causation,3
weighting,3
preteens,1
inducing,3
syndrome,8
Provided,1
distress,1
etiology,4
numerous,4
hanging,1
hypoxia,8
tragedy,1
feeling,2
anoxia,2
states,4
gamble,1
fatal,2
drama,1
lead,4
Information Management Systems,1
Emergency Department,1
health information,1
care delivery,1
cost savings,1
common types,1
chest x-ray,2
body region,1
ultrasounds,1
California,4
ultrasound,23
modalities,2
reflecting,2
reductions,2
redundant,1
decreases,3
emergency,14
Databases,1
exchange,2
adoption,2
imaging,29
Florida,3
Society,3
30 days,6
reduced,29
repeat,10
Health,7
trends,2
x-rays,1
Broad,1
State,2
Using,15
fixed,5
index,26
chest,4
x-ray,2
HIE,7
partial seizure disorder,2
multivariate analysis,19
seizure disorder,1
abnormalities,5
Significance,1
Statistical,9
psychiatric,5
male gender,1
monitoring,16
psychotic,8
bilateral,10
duration,39
tympanic membranes,2
tympanic membrane,1
N-acetylcysteine,1
myringotomies,1
perforations,4
guinea pigs,1
anesthesia,3
0.9% NaCl,1
ketamine,4
straight,1
otologic,1
diameter,18
solution,4
otorrhea,1
topical,1
healing,8
sponges,1
soaked,1
hook,1
2 mm,2
ears,7
end,15
General Practitioner,2
predictive validity,1
clinical skills,1
examinations,10
traditional,12
Selection,2
workplace,1
elements,3
College,3
clear,8
Wales,3
test,55
0.9% sodium chloride,2
catheter insertion,1
pneumoperitoneum,4
oxidative stress,2
malondialdehyde,2
Administration,1
degeneration,3
degenerative,2
prophylactic,8
Immediately,1
reperfusion,17
glutathione,1
antioxidant,2
follicular,2
epithelium,1
edaravone,5
caspase-3,2
Caspase-3,1
Treatment,9
4 groups,1
Group 2,10
ovaries,3
scoring,3
Ovarian,1
ovarian,1
surface,8
Groups,6
saline,10
injury,19
mg/kg,8
route,5
edema,2
ovary,3
min,45
gas,5
MDA,5
TAC,2
cross sectional study,1
outpatient clinic,2
physical function,1
disease duration,4
classification,13
rheumatology,1
Switzerland,3
demographic,17
limitations,6
activity,11
Medical,12
damage,5
Survey,8
Short,6
Form,3
acute myocardial infarction,2
confidence intervals,3
case-control study,4
acute diseases,1
first episode,1
consistent,10
hospitals,6
apparent,6
acute MI,1
admitted,17
multiple,18
Compared,17
inverse,4
outside,2
pattern,13
affect,16
ratios,11
drinks,2
Italy,4
wine,1
reflux oesophagitis,2
oesophagitis,2
intragastric,4
esomeprazole,1
Los Angeles,1
suppression,6
threshold,4
concept,2
4 weeks,6
Maximal,3
fitted,1
proof,1
acid,4
Post,4
Acid,1
visual analog pain scale,1
triamcinolone acetonide,1
controlled study,1
intraarticular,1
painful joints,1
conventional,14
pain scores,5
indwelling,2
pain score,1
palpation,4
introduce,1
lidocaine,2
placement,3
aspirated,1
guidance,2
outcomes,58
aspirate,1
effusion,2
Baseline,4
absolute,3
syringe,7
dilate,1
volume,22
After,3
VAS,22
head and neck cancer,1
highly reliable,1
general health,4
head and neck,8
communication,7
Head and neck,1
swallowing,1
sectional,17
reflected,1
tertiary,12
center,13
Eating,1
speech,1
Cross,7
brief,1
Decision-making,1
emergency care,1
interrupted,1
conferences,1
immediately,8
guidelines,19
paediatric,8
limitation,6
treatments,8
decisions,6
survivals,2
decision,10
meetings,2
opinions,3
informed,2
meeting,4
Parents,3
planned,8
French,2
France,1
others,4
deaths,13
orders,1
6 days,2
PRISM,7
PICU,4
held,2
bed,3
Breast Cancer Screening,1
indigenous people,1
Cancer Registry,1
breast cancers,2
breast cancer,24
Population,1
Statistics,2
Norwegian,3
citizens,2
language,6
accessed,2
invasive,9
Female,4
Norway,5
screen,4
law,5
complementary and alternative medicine,1
deep breathing exercises,1
chronic disease,3
United States,9
body position,1
age adjusted,1
CAM therapy,1
Atkins diet,1
functional,22
unadjusted,4
meditation,1
therapies,5
decreased,25
massage,1
yoga,1
CAM,4
National Health Insurance,1
pain during intercourse,1
general practitioner,8
socioeconomic status,5
educational level,3
outcome measures,9
gynecological,3
cohort study,14
intercourse,1
specialist,7
lifestyle,5
Register,4
Registry,5
contact,14
Denmark,2
Service,1
symptom,8
random,13
alarm,3
Main,4
surgical intervention,2
motion of elbow,1
elbow fractures,1
range of motion,2
radiographic,7
rotational,2
angulation,1
successful,6
Fractures,1
deformity,8
severity,24
carrying,3
humerus,1
coronal,2
shaft,1
none,9
periventricular leukomalacia,1
intraventricular hemorrhage,1
bronchopulmonary dysplasia,1
necrotizing enterocolitis,2
positive blood culture,1
disease severity,7
gestational age,12
antimicrobial,2
considering,1
antibiotic,8
Short-term,1
short-term,4
mg/kg/day,2
Secondary,4
microbial,4
Newborns,1
neonates,3
subgroup,5
regimen,6
Candida,1
hospital length of stay,1
cardiovascular disease,8
myocardial infarction,5
Quality Improvement,1
renal insufficiency,1
blood transfusions,2
hematocrit levels,1
surgical patients,2
normal hematocrit,1
colectomies,2
independent,32
progressive,3
controlling,8
stratifying,1
widespread,2
Hematocrit,1
composite,4
Surgical,4
elective,9
certain,4
classes,1
stroke,31
open,12
LOS,14
Complications,3
metastatic breast cancer,1
bony metastases,1
bone metastases,6
bony metastasis,1
shaft of femur,1
false positive,2
radiologists,6
bone lesions,1
asymptomatic,3
bone scans,1
metastatic,8
solitary,1
abdomen,4
pelvis,8
thorax,3
scans,10
team,5
Retrospective,14
spontaneous,8
Gynaecology,1
Department,3
Obstetrics,1
statistics,6
connection,1
circular,1
phases,2
moon,3
radiation exposure,2
imaging technique,1
image enhancement,1
nephrolithiasis,2
tomosynthesis,1
consistency,2
stone size,1
Stone size,1
September,9
Potential,2
adequate,12
Digital,1
setting,10
allows,4
strong,6
Renal,2
units,5
count,2
size,18
magnetic resonance imaging,12
parietal white matter,2
temporal white matter,2
frontal white matter,1
lateral ventricles,1
systematic review,1
schizophrenia,13
meta-analysis,4
brain regions,1
longitudinal,7
brain region,1
Twenty-seven,3
brain volume,2
white matter,1
gray matter,2
ventricular,3
volumetric,5
progress,4
combined,13
10 years,10
frontal,2
lateral,7
static,8
larger,8
brain,7
gray,1
digital subtraction angiography,1
carotid artery stenosis,2
Doppler ultrasonography,1
diagnostic accuracy,4
reference standard,3
ethics committee,2
informed consent,3
gadofosveset,1
MR angiogram,1
Sensitivity,2
angiograms,1
morphology,7
ulceration,1
data sets,3
approved,2
observer,2
stenosis,8
reading,12
steady,6
plaque,7
tandem,1
kappa,1
cardiovascular risk factors assessed,1
diastolic blood pressures,2
fasting plasma glucose,2
waist circumference,3
total cholesterol,2
surrogate marker,1
differentiating,3
normotensive,3
phenotypes,3
phenotype,1
Africans,1
Nigerian,1
vascular,9
carotid,9
African,3
intima,3
media,6
left,20
laparoscopic cholecystectomy,4
laparoscopic procedures,2
bilirubin levels,1
hyaluronic acid,1
female patients,3
cholelithiasis,1
hexosaminidase,1
cell function,2
normal values,1
symptomatic,10
elevation,4
beta,11
AST,2
ALT,2
Documentation,2
hospitalized,8
Transmission,1
transmission,10
subsequent,18
burn wound,1
documented,7
burn unit,1
isolates,11
cultures,5
episode,4
stream,1
sepsis,3
Blood,3
wound,7
blood,15
burn,3
pancreatic transplantation,1
islets transplantation,1
immune suppression,1
Bariatric surgery,1
treatment option,1
type 1 diabetes,5
graft rejection,1
gastric bypass,5
Gastric bypass,1
pancreatic,3
witnessed,1
metabolic,3
diabetes,12
evolving,1
current,16
complex,5
option,2
search,8
August,10
papers,1
proven,3
shared,1
great,1
bases,1
step,1
surgical blood loss,2
radical cystectomy,2
surgical margin,3
stratification,2
proportional,6
cystectomy,5
Sequential,2
oncologic,2
age group,3
assisted,4
modeling,3
robotic,2
T stage,4
hazard,8
tumour,15
Robot,1
short,9
Cox,12
Rebound acid hypersecretion,1
crossover design,2
regurgitation,1
lansoprazole,4
proton pump,2
inhibitors,5
once daily,1
Sixty-two,1
heartburn,1
endoscopy,3
separated,2
periods,5
antacid,2
follows,7
Reflux,1
Higher,2
reflux,7
STUDY,2
disease stage,1
serum leptin,3
cytological,1
Forty-five,2
untreated,8
oncology,2
Leptin,1
leptin,1
Edinburgh Postnatal Depression Scale,1
Eight hundred and fifty,1
strengthening exercises,1
postnatal depression,1
University Hospitals,1
physiotherapists,1
major depression,1
home exercises,1
antenatal care,2
Randomized,1
exercise,9
probable,2
Scores,1
psychoactive substances,1
psychosocial factors,1
longitudinal study,1
Violence Exposure,1
intrauterine,3
adolescence,3
supervision,7
adolescent,3
delinquent,4
accounting,4
cigarettes,5
exposures,1
interview,4
marijuana,3
behaviors,3
cigarette,1
childhood,4
behavior,3
computer,4
violence,4
cocaine,3
Revised,4
infant,8
Level,1
Scale,9
pack,2
spinal cord compression,1
survival rates,6
stabilization,1
control rates,4
laminectomy,1
Additional,3
vertebrae,1
direct,9
answer question,1
Mitral valve replacement,1
ischemic cardiomyopathy,1
mitral regurgitation,1
systolic dysfunction,1
ejection fraction,2
echocardiogram,1
mitral valve,1
replacement,18
Eighty-five,1
time frame,1
dimensions,7
dilated,1
mitral,1
positron emission tomography,3
recurrent cervical cancer,2
area under curve,4
cervical carcinoma,2
prospective study,12
cervical cancer,3
CT scans,6
receiver,11
February,6
ability,11
tumours,10
uptake,7
mg/dl,1
PET,10
AUC,5
pylorus-preserving pancreaticoduodenectomy,1
postoperative complication,3
Delayed gastric emptying,1
vomiting and nausea,1
duodenojejunostomy,3
nasogastric tube,5
Clinical data,2
regular diet,2
liquid diet,1
anatomy,3
special,3
started,3
2 days,2
Alzheimer's disease,3
cognitive decline,1
Examination,3
progression,3
test score,1
Australia,2
Cognitive,2
Cambridge,1
dementia,4
leads,3
rapid,7
intrauterine growth restriction,2
human chorionic gonadotropin,1
chromosome inactivation,1
pregnancy complications,1
spontaneous abortion,4
first pregnancy,2
pregnancy loss,1
inactivation,2
preeclampsia,1
infertility,3
primiparous,1
multiparous,1
Primiparous,2
Multiparous,1
pregnancies,6
live births,2
live birth,3
gestation,10
patterns,12
pregnant,11
Group 3,6
extreme,5
epithelial ovarian carcinoma,1
refusing procedure,1
regression analysis,6
complete remission,1
chemotherapy,15
Measurement,2
platinum,1
include,2
relapse,13
look,2
cent,8
All,11
Confidence Interval,1
Hazard Ratio,1
Indicators,1
prognosis,4
Mortality,3
Ethnicity,2
Malaysia,1
Chinese,1
Delayed,1
Malaya,1
Births,1
Deaths,3
Median,13
Malay,1
date,6
Last,1
Asthma Control Questionnaire,1
Asthma Control Test,1
Regression analysis,2
African American,3
Epidemiologic,1
Communication,1
Instrument,1
controller,1
Determine,1
illnesses,1
long-term,13
Multiple,4
obesity,16
offices,1
asthma,17
Asthma,2
linear,10
urban,14
ACT,4
anorectal manometry,1
early complication,1
cancer surgery,2
consequences,4
Anastomotic,1
anastomotic,4
Evaluation,4
compliance,9
Cleveland,2
Sphincter,1
recovery,11
slightly,8
leakage,7
Maximum,2
rectal,9
Score,5
carotid atherosclerosis,1
cross-sectional study,11
chronic inflammation,2
insulin resistance,2
adjustments,2
volunteers,2
adjustment,18
Koreans,1
habits,2
hsCRP,5
lipid,5
chronic obstructive pulmonary disease,2
hemoglobin concentration,1
unfractionated heparin,1
deep venous thrombosis,1
blood transfusion,1
discontinuation,4
adverse events,2
platelet count,4
complication,14
indications,4
indication,7
problem,3
heparin,3
Trauma,3
sudden,1
drop,5
tuberculosis treatment,1
multidrug resistance,1
decision making,1
susceptibility,7
tuberculosis,1
availability,8
resistance,7
resistant,8
referral,6
Southern,1
suspects,1
culture,19
Jensen,1
medium,5
India,3
solid,2
Based,4
DST,4
drug administration,1
health care system,1
genetic disorders,4
Health services,1
sports injuries,2
health benefit,1
interventions,12
investigates,3
health care,11
responsible,5
infections,7
preference,2
Responses,1
contexts,2
acquired,4
injuries,12
choices,1
members,4
elicit,2
errors,4
sports,10
nature,6
Direct,2
often,21
spend,1
cost,29
mix,1
Cutaneous melanoma,1
cutaneous melanoma,1
medical center,2
primary tumors,1
manifestation,1
primary sites,1
survival rate,4
primary site,2
Consecutive,4
populations,11
extremities,1
university,5
Twenty-two,3
stratified,8
ulcerated,1
Tertiary,2
melanoma,3
unknown,11
nodal,4
nodes,5
trunk,2
sole,1
metastatic disease,2
frozen section,1
cytokeratins,1
reoperation,1
tumor size,4
metastasis,7
avoidance,2
sentinel,2
allowing,3
axillary,4
staining,7
Routine,4
subject,4
routine,7
Serial,1
back,4
endometrial biopsy,1
Low Density Array,1
embryo transfer,1
Day Surgery,1
Forty-seven,2
technology,4
viability,1
biopsies,7
exclude,4
uniform,2
window,1
embryo,1
genes,10
basal,5
gene,7
ICSI,5
LIF,1
psychological factors,3
demographic factors,2
teeth grinding,3
missing teeth,1
response rate,2
facial pain,3
Information,2
syndromes,4
Practice,1
General,5
England,7
North,2
West,5
insulin glargine,2
Hypoglycaemia,1
hypoglycaemia,7
hypoglycaemic,1
nocturnal,1
lowering,4
provides,1
glargine,1
glucose,8
Hazards,1
Similar,2
ORIGIN,1
mg/dL,2
Non,7
intravenous infusion,2
adverse reactions,1
metoclopramide,6
bolus infusion,1
Metoclopramide,1
intravenous,11
akathisia,1
infusion,6
Repeated,3
relieved,1
entry,1
slow,7
BIG,4
obstructive sleep apnoea,1
neck circumference,1
physiological,5
interesting,1
continuous,5
Fifty-four,2
pressures,6
algorithm,3
hypopnoea,1
pressure,18
required,15
airways,1
pharynx,1
forces,1
apnoea,1
oxygen,1
treat,2
work,12
unit,9
rank,5
transforming growth factor beta,1
immunoreactivity,1
telmisartan,6
transferred,5
hepatocytes,1
TGF-beta,3
fixation,10
hepatic,3
account,5
alloxan,2
exposed,7
density,4
livers,3
drugs,10
liver,6
diastolic blood pressure,1
central venous pressure,1
double-blind study,2
sitting position,1
Chi-square test,1
positioning,3
hemodynamic,5
crystalloid,1
maintenance,3
30 minutes,5
heart rate,12
Haemaccel,1
intervals,4
colloids,2
dividing,3
balanced,1
Systolic,1
deposit,1
sitting,2
seated,1
ANOVA,4
done,6
bronchial hyperresponsiveness,1
bronchoconstriction,1
visual analog scale,4
airway obstruction,1
airway resistance,1
corticosteroids,3
factor analysis,1
saline solution,3
Factor analysis,1
eosinophilic,4
inflammation,12
methacholine,2
obstruction,3
perception,4
Eosinophil,1
eosinophil,4
induction,6
decrease,17
dyspnea,1
airflow,1
inhaled,6
depend,2
airway,9
extent,10
sputum,1
former,2
slope,2
Some,1
disagreements,1
insulin injection,1
physical activity,5
atherosclerosis,3
Atherosclerosis,1
regular insulin,1
pulse pressure,5
insulin use,1
Since,4
lumen,3
health care services,6
hospitalizations,2
hospitalization,13
Health Surveys,1
Observational,3
polypharmacy,2
regressions,1
logistic,2
Spanish,4
woman,4
Men,2
rheumatoid arthritis,7
periodontal disease,3
dental records,1
determination,1
prescription,9
medications,9
radiographs,14
Queensland,1
Dentistry,1
dentistry,1
mirrored,1
School,1
poorly differentiated carcinoma,1
nasopharyngeal carcinoma,1
cerebrovascular accident,1
computerized tomography,1
radiation therapy,3
undifferentiated,3
fractionation,2
accelerated,1
Fifty-eight,2
completion,4
Fifty-nine,1
Excluded,1
Stage IV,2
schedule,5
staging,7
distant,5
Texas,2
Stage,4
Local,1
AJCC,1
neck,6
NPC,3
lymphoepitheliomas,1
evoked otoacoustic emissions,1
auditory brainstem response,1
Antenatal care status,1
hyperbilirubinemia,1
hearing screening,1
perinatal,5
screening,23
transient,4
automated,3
universal,2
negatives,7
protocol,14
newborn,1
Nigeria,1
nursery,3
baby,3
monocyte chemoattractant protein-1,1
white adipose tissue,1
activated T cells,1
peripheral blood,2
atherosclerotic,1
interleukin-8,1
Histological,2
perivascular,1
subcutaneous,2
granulocytes,1
macrophages,1
chemokines,3
chemotaxis,1
leukocytes,3
adventitia,1
migration,7
monocytes,1
markedly,2
fat diet,1
mediated,8
Obesity,1
rodents,1
amount,4
mostly,2
walls,1
Bronchoalveolar lavage fluid,1
Haemophilus influenzae,1
bacterial bronchitis,1
alveolar macrophages,1
alveolar macrophage,1
Alveolar macrophage,1
scavenger receptors,1
receptor expression,2
epithelial cells,1
bronchiectasis,10
microorganisms,1
efferocytosis,4
lung diseases,1
tissue damage,1
neutrophilic,1
phagocytosis,5
persistence,2
interleukin,1
neutrophil,3
macrophage,3
isolation,1
bronchial,2
diseases,7
Mannose,1
share,3
National Institute of Mental Health,1
Children's Global Assessment Scale,1
Affective Disorders,1
bipolar I disorder,2
Bipolar Disorders,1
Phenomenology,3
Schizophrenia,1
grandiosity,1
instruments,2
Washington,1
demography,2
stabilizer,1
psychosis,1
Schedule,1
elation,1
Course,1
DSM-IV,6
Mania,1
manic,1
phase,15
mania,2
TEAM,3
CGAS,2
Both,2
mood,2
Many,3
Age,2
health maintenance organization,1
mammography screening,3
North Carolina,1
One thousand,1
counseling,5
mammograms,1
Telephone,1
materials,2
Adherence,3
tailored,9
3 groups,3
little,8
print,5
usual,9
hypersalivation,1
Hypersalivation,1
intramuscular,1
Side effects,1
Tolerance,2
atropine,5
sedation,4
Vomiting,1
painful,4
start,1
rash,1
pelvic inflammatory disease,1
anticoagulant therapy,1
mean platelet volume,1
C reactive protein,1
chronic diseases,2
medication use,1
inflammatory,6
thrombocyte,1
Receiver,3
PID,6
contraceptives,1
high performance liquid chromatography,1
polyunsaturated fatty acids,1
carboxymethyllysine,1
gas chromatography,1
carbonyl compounds,1
Maillard reaction,1
mass spectrometry,1
fructoselysine,1
normoglycemic,1
carbohydrates,1
pathogenesis,3
carbohydrate,3
pentosidine,3
glycation,2
oxidation,2
Advanced,1
adducts,3
address,3
protein,5
albumin,2
formed,2
uremia,3
Recent,7
lysine,3
vitro,4
bound,1
AGEs,1
AGE,2
CML,4
hemiparesis,1
Outpatient,1
impairment,3
Depression,2
depression,11
treadmill,2
Modified,1
walking,4
centre,3
social,12
Stroke,3
Impact,1
Index,6
side,5
aortic valve replacement,2
systolic pressure,3
echocardiography,3
bioprosthesis,1
Hegar dilator,1
Transthoracic,1
prosthesis,6
insertion,7
labeling,2
internal,4
gradient,5
indexing,1
Edwards,1
annulus,6
orifice,3
Mosaic,8
aortic,14
sizers,1
valves,2
valve,6
gauge,1
cm2,2
weeks gestation,2
term pregnancy,1
carriers,9
vaginal,5
illness,4
carrier,1
Israel,5
origin,2
Jewish,1
About,3
Arab,1
demyelinating disease,2
cervical spinal cord,1
Multiple sclerosis,2
nervous system,2
investigation,4
Cervical MRI,1
autoimmune,1
cervical,14
definite,2
central,6
plaques,2
pathological gambling,2
adverse drug reaction,1
replacement therapy,2
Parkinson disease,1
dopamine agonist,1
aripiprazole,5
interaction,12
prescribed,2
disorders,3
causality,1
accepted,5
dopamine,2
gamblers,1
gambling,1
bipolar,1
ADR,1
febrile transfusion reaction,1
alloimmunization,4
red blood cells,1
blood products,5
transfusion,24
Blood bank,1
platelets,1
databases,5
temporal,5
endpoint,8
humans,2
event,9
RBCs,4
mice,10
PLT,3
benzalkonium chloride,2
betamethasone,1
intratympanic,1
animal study,1
hearing loss,6
gentamicin,1
Controlled,2
alternate,3
brainstem,1
toxicity,8
left ear,3
Auditory,1
2 months,1
1 month,5
otic,2
general practitioners,2
acceptability,1
consulting,1
Response,2
Lothian,1
doctor,2
names,5
liked,1
mind,1
name,1
reproduction,5
birth center,4
experiences,6
first birth,1
childbirth,1
primiparas,1
medical,12
Swedish,2
future,4
codes,3
Birth,1
next,3
Time,3
log,4
internal carotid artery stenosis,1
coronary artery bypass surgery,1
peripheral vascular disease,1
carotid endarterectomies,1
cerebrovascular disease,3
carotid stenosis,4
Carotid stenosis,1
carotid disease,1
high-risk group,2
perioperative,7
carotid bruit,2
Extracranial,1
Prevalence,3
strokes,1
PVD,2
cesarean delivery,1
vaginal delivery,2
eclampsia,2
Composite,1
intention,2
teaching,2
rural,12
arm,12
injury severity score,3
cervical spine injury,1
geriatric patients,1
neck tenderness,1
cervical spine,2
blunt trauma,2
radiologic,2
sustaining,2
geriatric,2
mechanism,6
energy,6
weight gain during pregnancy,1
oral glucose tolerance test,1
gestational diabetes,2
insulin sensitivity,2
univariate analysis,4
time interval,3
gestational,3
caucasian,1
C peptide,1
actual,9
proxy,1
OGTT,2
GDM,8
liver hemangioma,1
adrenal adenoma,1
fellowship,3
incidental,4
sonography,3
renal mass,1
Radiation,1
Forty-two,1
radiation,7
portal,2
venous,7
cysts,1
ProRoot MTA,1
root canal,1
pulpotomy,1
premolar,1
pulpitis,1
pulps,1
Radiation Therapy Oncology Group,1
pubic symphysis,1
surgical clips,1
directions,4
intensity,5
direction,2
prostate,10
superior,8
inferior,4
planning,7
motion,10
border,1
shifts,7
rails,2
Daily,1
skin,9
bone,16
INF,5
pT2,1
myofascial pain syndromes,1
Visual Analogue Scale,1
Pain intensity,1
Acupuncture,1
acupuncture,15
stimulation,5
needles,8
seconds,2
trigger,1
debate,2
Gill,1
gadopentetate dimeglumine,1
statistical significance,2
signal intensity,3
aided diagnosis,1
mammography,2
vasculature,1
time course,1
criterion,3
automatic,2
Computer,1
software,4
Combined,1
suspect,4
dynamic,16
kinetic,1
Dynamic,3
Lesion,1
cutoff,1
Curve,2
map,3
intra-articular injection,1
medical practitioner,1
Adhesive capsulitis,1
adhesive capsulitis,3
physical therapist,1
external rotation,1
local anesthetic,2
differentiate,4
early stage,1
identifiers,2
pain relief,2
idiopathic,2
Sixty-four,1
identifier,1
diagnosing,1
Following,3
diagnose,2
shoulder,2
global,12
major depressive disorder,1
Four hundred and forty,1
psychological symptoms,1
psychiatric disorders,3
depression screening,1
personality traits,1
Health conditions,1
anxiety disorder,1
Women's Health,1
Mental Health,1
Psychosocial,1
Psychiatric,1
menopausal,10
annually,2
midlife,2
provide,14
Nation,1
Study,7
Being,2
Staphylococcus aureus pneumonia,1
hospitalized patients,1
serum concentration,1
pharmacodynamic,1
drug monitoring,1
nephrotoxicity,3
drug exposure,1
methicillin,4
Significant,8
vancomycin,4
S. aureus,6
pneumonia,6
Cmin,3
pharmacokinetic,1
Longitudinal Study,1
intergenerational,1
environments,4
acceleration,6
offspring,9
strengths,4
paternity,3
paternal,4
parent,2
turn,1
Avon,1
top,3
treatment options,1
radiotherapeutic,1
prostate cancer,10
adverse effects,3
genitourinary,2
decision aid,1
options,2
anxiety,2
intraoperative complications,2
intramedullary nailing,2
intramedullary nail,2
social functioning,2
fracture healing,1
Intraoperative,2
randomization,1
trauma center,2
fluoroscopy,2
blood loss,3
Radiologic,1
Proximal,1
sliding,3
Level I,2
Femoral,2
screw,10
Screw,1
Type,2
Nail,1
Hip,1
diagnostic criteria,1
hydatidiform moles,2
diploid,2
ploidy,2
moles,3
flow,19
geographic information systems,1
environmental factors,6
Availability,2
neighborhood,1
Adolescents,1
most likely,3
aggregate,1
physical,15
capital,1
leisure,4
buffer,1
Simple,1
slopes,3
parks,5
Dutch,4
meter,1
wave,1
code,2
zip,2
cycloplegic refraction,2
refractive error,3
cyclopentolate,1
ophthalmology,1
cycloplegic,6
equivalent,2
outpatient,4
spherical,1
soldiers,1
Moderate,1
eyes,2
army,1
human papillomavirus,1
conjunctival biopsy,2
unknown origin,1
hybridisation,1
beta-globin,3
HPV typing,1
Pterygium,1
pterygium,1
Several,4
vision,3
cornea,2
access,7
wing,1
like,2
Toronto Extremity Salvage Score,1
functional status,3
lower extremity,2
musculoskeletal,2
knee amputation,4
Physiological,2
amputation,8
Extremity,1
salvage,5
Salvage,1
Normal,3
Living,2
limb,5
knee,18
Cost,4
major depressive episode,2
bipolar disorder,3
antidepressants,2
algorithms,2
approaches,1
exclusion,3
Algorithm,1
Hypomania,1
Germany,3
overlap,1
BRIDGE,2
DSM,1
avascular necrosis,4
soft tissue injury,3
displacement,3
astragalus,1
necrosis,6
4 type,1
lower limb fractures,3
spinal cord injuries,2
pressure ulcers,2
consolidation,1
misalignment,1
currently,4
inclusion and exclusion,1
source of information,2
government,2
Knowledge,5
Pakistan,2
families,13
schools,6
friends,4
fathers,1
reason,5
habit,2
place,6
taste,1
Town,2
boys,3
Pan,4
biotransformation,1
breast carcinoma,1
cytochrome P450,1
carcinogens,1
metabolism,2
Ninety-six,1
Homozygous,1
oxidative,1
displayed,3
catalyse,1
European,8
enzymes,2
CYP2D6,7
enzyme,2
allele,6
null,1
Test,3
serum alkaline phosphatase,1
Paget's disease of bone,1
Paget's disease,2
bisphosphonates,2
hydrocephalus,1
gait ataxia,1
joint pain,1
document,1
backache,1
deafness,1
Others,1
biting,1
pains,1
bones,5
skull,1
spine,1
femur,1
tibia,2
More,4
ulna,1
ventricular repolarization,2
low heart rate,1
QT interval,1
sedentary,4
Exercise,1
marked,5
QTc,1
perceived quality of life,1
morphological,1
skin surface,1
pathologies,1
vocal fold,2
Structural,2
acupoints,2
functions,1
treating,2
vocal,3
voice,1
set,6
life expectancy,7
mortality rates,4
ethnic groups,4
distributions,2
inequalities,5
ethnic group,2
deprivation,18
New Zealand,2
establish,6
gradients,5
Europeans,1
unequal,1
fitting,2
exhibit,1
peoples,1
ethnic,6
Asian,2
Maori,2
transient ischaemic attack,1
research nurse,1
instruction,2
popularity,1
suffered,5
booklet,5
Average,2
Little,2
Home,1
musculoskeletal symptoms,3
Aromatase inhibitors,1
bone mineral density,6
hormone receptor,2
postmenopausal,6
bone fractures,3
bisphosphonate,2
nonmetastatic,1
bone fracture,2
Arthralgia,1
arthralgia,2
tamoxifen,3
bone pain,3
myalgia,4
susceptible,6
biological,3
urban area,1
Thailand,1
spending,1
workers,4
paper,5
uses,1
prostate specific antigen,4
radical prostatectomy,3
regression analyses,4
adjuvant therapy,1
seminal vesicle,1
hormones,1
centers,11
sum,3
anterior cruciate ligament,1
reconstruction,5
contralateral,12
knee flexion,5
unilateral,7
stability,13
Committee,1
anterior,13
exerting,1
Anterior,2
laxity,7
force,3
shift,6
Knee,3
Incontinence-associated dermatitis,1
incontinent of urine,1
progressive care,1
urinary catheter,1
skin protectant,1
critically ill,1
interventional,3
care protocol,3
skin injury,1
dermatitis,3
as needed,1
diversion,2
cleanser,1
12 hours,1
gentle,1
fecal,1
Exercise intensity,1
physical health,1
exercise test,3
intensities,2
pretest,1
Affect,1
feel,3
max,1
core needle biopsy,1
open breast biopsy,1
three-dimensional,1
needle biopsies,1
breast lesions,2
breast biopsy,1
visualization,2
reliable,5
marginal,1
needed,6
breast,8
help,6
deviated nasal septum,1
Military Hospital,2
nasal packing,2
nasal septum,2
septoplasty,2
perforation,4
adhesions,2
suturing,1
24 hours,7
hematoma,1
sutured,1
Jordan,2
oozing,1
septal,3
monocyte chemotactic protein,1
cervical radiculopathy,1
needle injection,1
optical density,1
interleukin-6,1
Statistically,4
localization,1
fibronectin,1
case series,5
herniation,3
diskectomy,2
interferon,2
milliliter,1
picograms,1
aggrecan,1
Single,2
Lavage,1
lavage,2
IL-6,4
MCP,3
hypertrophic cardiomyopathy,1
ventricular wall thickness,1
Doppler echocardiography,1
differentiation,6
posterior wall,1
transthyretin,1
Conventional,1
amyloidosis,5
Hereditary,1
tracking,10
easily,2
strain,1
trees,1
HCM,5
poorly differentiated thyroid carcinoma,1
follicular thyroid carcinoma,1
kinase inhibitors,1
thyroid carcinoma,1
genetic mutation,1
thyroid cancers,1
refractory,2
carcinomas,6
mutations,2
Papillary,1
mutation,7
tyrosine,1
thyroid,2
subtype,4
RAS,1
PTC,1
energy homeostasis,1
insulin secretion,4
circadian rhythm,3
phosphorylation,1
protein kinase,1
hypothalamic,1
pineal gland,2
consequence,1
seasonality,1
carboxylase,1
endogenous,4
generation,1
downstream,1
activated,2
regulator,1
secretion,4
melatonin,3
Metformin,1
Recently,1
seasonal,3
breeding,1
probably,2
darkness,1
rhythms,1
nucleus,2
rhythm,1
pineal,1
sheep,1
AICAR,4
AMP,2
ewe,1
CoA,1
ACC,2
intracerebroventricular,1
middle school students,1
middle schools,1
cigarette use,1
respondents,12
Wisconsin,2
messages,1
friend,1
movie,3
views,2
smoke,2
peer,3
Cerebral hemispherectomy,1
surgical procedure,1
hemispherectomy,2
reading skills,1
verbal memory,1
Verbal memory,1
intractable,2
components,3
conversion,9
vocabulary,3
abilities,2
paragraph,1
component,14
Receptive,1
preserved,1
seizures,2
impaired,8
cerebral,2
infarct,2
skills,9
speed,6
Later,1
Left,1
Advanced Cardiac Life Support,1
emergency medicine,4
medical students,4
simultaneously,2
Life Support,1
effect sizes,3
Emergencies,2
Obstetrical,1
Management,2
Coronary,2
Syndrome,1
faculty,3
format,1
Airway,1
tracks,2
Mostly,1
Basic,1
Acute,2
track,3
ACS,2
run,1
motion perception,3
discrimination,4
eye movement,2
frequencies,4
deficit,1
Regular,3
chance,4
msec,5
radiostereometric analysis,1
total hip arthroplasty,1
acetabular fractures,3
sacroiliac joint,1
reconstructions,3
symphysis pubis,1
weightbearing,1
continuity,3
Immediate,1
loosening,2
mobilized,1
displaced,1
articular,1
proximal,3
sagittal,5
ischium,1
screws,3
limits,2
ilium,2
pubis,1
cage,2
THA,6
Streptococcus group B,1
neonatal infection,1
pregnant woman,1
Streptococcus,1
Christian,1
causes,7
labour,1
Muslim,1
congestive heart failure,2
cardiac catheterization,1
cardiac procedures,2
fee-for-service,3
catheterization,1
administrative,3
least squares,1
expenditures,9
time periods,2
angioplasty,2
weekend,3
cohorts,4
Weekend,3
Annual,2
bypass,3
narrow,1
1 day,1
ante,1
differentials,1
Parkinson's disease,1
research laboratory,1
Parkinson's Disease,1
6-minute walk test,1
movement disorders,1
neurologic status,1
Not applicable,2
neurologist,1
ambulation,3
extensor,3
postural,6
Unified,1
Further,6
Rating,4
Reach,2
gait,1
Patient Activation Measure,1
Veterans Affairs,2
Questionnaires,1
rheumatologist,1
Associations,5
allopurinol,1
mailed,2
urate,2
gout,6
Gout,1
small cell lung carcinoma,1
lymphadenectomy,1
visceral pleura,1
lung resection,1
pneumonectomy,1
squamous cell,2
mediastinal,1
tumour size,9
Prognostic,3
lobectomy,2
Stage I,1
hazards,3
hilar,1
computed tomography scan,1
C-reactive protein level,1
length of hospital stay,5
perforated appendicitis,1
Multivariate analysis,3
body temperature,1
pathology report,1
neutrophil count,1
emergency room,1
City Hospital,1
registration,2
Perforation,1
abstracted,2
perforated,1
Ren,1
Laparoscopic sleeve gastrectomy,2
biliopancreatic diversion,1
bariatric surgery,1
first stage,3
body weight,2
Resected,1
Transurethral catheterisation,1
urinary tract infections,1
urinary tract infection,4
bladder catheterisation,1
abdominal surgery,3
bladder drainage,1
catheter removal,2
catheterisation,4
transurethral,4
discomfort,1
catheter,2
Bladder,1
Male,3
endoscopic gastrostomy,1
feeding tube insertion,3
cognitive impairment,1
Thirty-six thousand,1
eating problems,2
eating problem,1
nursing homes,6
feeding tube,3
eating,3
tube,4
PEG,3
Computed Tomography,1
urinary stones,1
urinary stone,1
compositions,1
attenuation,6
composition,2
CT scanner,1
Sensation,2
uric acid,1
Evaluate,1
scanners,3
struvite,1
Siemens,4
cystine,1
generalised pain,1
fibromyalgia,1
fatigue,5
Fatigue,2
lupus,6
SjÃ¶gren,2
light for gestational age,1
congenital malformations,1
socioeconomic factors,2
head circumference,2
fetal growth,3
familial,5
military,2
pediatric surgeons,1
ovarian cystectomy,1
ovarian torsion,2
length of stay,5
ovarian biopsy,1
oophorectomy,4
normal ovary,1
gynecology,2
necrotic,1
torsions,1
severely,1
ischemic,3
sonogram,3
Torsion,1
girls,3
laparoscopic hysterectomy,1
Laparoscopic myomectomy,1
dilutional coagulopathy,1
subtotal hysterectomy,1
devascularization,1
leiomyosarcoma,1
histopathology,1
sigmoid colon,1
enucleation,5
myomectomy,3
Task Force,2
60 minutes,1
efficient,2
parasitic,1
leiomyoma,1
Canadian,2
surgeon,7
myomas,15
uterus,2
myoma,3
and technique,1
modifications,2
severe traumatic brain injury,1
Glasgow Outcome Scale,1
One hundred and eight,1
Glasgow Coma Scale,1
Base Deficit,1
Ninety-eight,2
Eighty-eight,3
base excess,1
version,7
Area,1
ROC,2
RTS,1
chorionic gonadotropin,1
glycoprotein,3
Immunoassays,1
confirmation,2
participant,3
immunoassay,1
intact,8
matrix,1
Human,1
hCG,15
neuropsychological testing,1
neuropsychological test,2
Neuropsychological test,1
information processing,1
loss of consciousness,1
Wechsler memory scale,1
General Hospital,1
Verbal Learning,1
Pennsylvania,1
head injury,1
Association,8
Orientation,1
traumatic,4
uncertain,6
Sorting,1
Amnesia,1
memory,7
mildly,1
digit,1
span,2
Card,1
Oral,1
Word,1
GOAT,1
referral to hospital,1
physical examination,2
muscular,1
48 hours,5
D-dimer,4
d-dimer,1
limit,2
neonatal complications,1
hypothyroidism,7
Hypothyroidism,1
prenatal care,1
San Francisco,1
Medicaid,7
Treated,1
fetal,20
lymph node involvement,2
renal cell carcinoma,2
perirenal fat,1
renal vein,2
vena cava,3
VEGF,5
pT3a,4
pT3b,4
pT3,2
access to health care,1
health care provider,1
cultural differences,1
health care systems,1
quality of care,3
professionals,11
empowerment,1
immigration,1
immigrants,3
aggregated,1
networking,1
activities,2
countries,4
sensitive,1
national,8
migrants,3
outreach,1
working,10
country,5
migrant,1
Member,2
Europe,2
policy,16
round,1
broad,2
easy,1
Organisations,1
cost-effectiveness,7
internal fixation,1
highly sensitive,1
fixation of hip,1
Pharmacologic,1
osteonecrosis,1
arthroplasty,2
hip fixation,1
Prophylactic,1
prophylaxis,3
utilities,1
doubles,1
dollars,1
QALYs,2
costs,18
poor,13
nail,3
QALY,5
pad,1
sciatic nerve block,1
local anesthetics,1
nerve stimulator,1
anesthesiologist,1
motor response,4
epinephrine,10
ropivacaine,1
Twenty-six,1
lower limb,1
peroneal,3
elicited,1
Sensory,1
blocks,2
30 min,3
block,5
positive end expiratory pressure,1
Manual resuscitation,1
manual resuscitation,1
resuscitator,1
clinicians,2
inflation,2
newborns,4
Infant,1
unable,1
cmH2O,6
lung,6
Term,1
PEEP,1
bag,3
information technology,1
level of education,1
treatment setting,1
Medical oncology,1
medical oncology,2
pharmacists,3
Australian,2
sufficient,4
clinician,8
attitudes,7
Important,1
computers,2
autonomy,1
integral,1
nurses,3
plays,1
roles,1
Web,6
medical centers,1
proliferation,3
applications,2
fellowships,7
residency,11
pilot,1
neonatal intensive care units,2
very low birth weight,2
neurodevelopment,1
enteral feeding,6
central venous,1
enteral feeds,3
nutrition,5
enteral,1
growth,7
Rapid,2
lines,2
mental illness,2
Inventory,1
Attitudes,1
Recovery,3
context,1
secular,3
raised,1
faith,1
cognitive dysfunction,1
motor neuron disease,2
cognitive deficits,1
language tests,1
verbal fluency,1
neurology,1
sporadic,1
demented,2
battery,2
service,5
aphasic,1
anomia,1
Major,1
methylene diphosphonate,1
knee disarticulation,1
Doppler ultrasound,2
treatment cost,1
diabetic foot,2
scintigraphy,8
displaying,2
blood flow,6
Amputation,1
inspection,2
perfusion,11
distal,5
finger,1
ray,1
technetium-99,1
progesterone receptors,2
smooth muscle cells,1
hormone receptors,2
connective tissue,2
specific antibody,1
striated muscle,2
smooth muscle,2
male patients,4
prerequisite,1
Thirty-five,2
cell nuclei,1
anal canal,2
incubating,1
localized,7
chromogen,1
receptors,1
hormonal,2
estrogen,2
Positive,3
Estrogen,1
Staining,1
binding,1
anal,1
DAB,1
Three thousand four hundred,1
insurance status,1
asthma severity,3
organizations,1
managed care,2
asthma care,5
Appropriate,1
Physicians,5
Frequency,1
accurate,4
relates,1
Blacks,1
functional magnetic resonance imaging,1
blood oxygen level dependent,1
disorders of consciousness,1
minimally conscious state,1
rehabilitation care,1
vegetative state,1
playing tennis,1
incident,1
paradigm,2
imagery,2
mental,5
fMRI,3
Coma,1
third trimester of pregnancy,1
pure tone audiometry,1
otoacoustic emission,1
pre-eclampsia,3
deteriorating,2
gravidity,1
right ear,2
Hearing,1
kHz,7
right common carotid artery,1
pulmonary artery pressure,1
internal mammary artery,1
right coronary artery,1
ventricular pressures,1
tumor necrosis factor,1
lung transplantation,1
ascending aorta,1
aortic pressure,1
pulmonary hilum,1
coronary sinus,1
lung ischemia,2
left anterior,2
interleukin 6,1
blood samples,5
Simultaneous,1
descending,3
Ischemia,1
coronary,12
Troponin,1
clamping,1
Cardiac,1
peaked,3
swine,1
IL-10,2
LIMA,1
home placement,1
Certification,1
nursing care,1
nursing home,1
admissions,8
healthcare,7
deficiency,2
Reporting,2
admitting,1
data set,4
nursing,1
county,2
file,1
external beam radiotherapy,1
moderately differentiated,1
treatment complications,1
poorly differentiated,1
patient preferences,1
patient preference,3
treatment efficacy,1
watchful waiting,1
cancer registry,1
differentiated,5
Gleason score,3
comorbidities,5
incontinence,1
data sources,1
comorbidity,7
restricted,1
impotence,1
Utilities,1
prolonged,8
Benefits,1
leadership skills,1
self-efficacy,2
Interactions,1
intestines,1
confidence,5
Thirty-six,1
simulated,4
bovine,1
assist,2
action,1
suture,3
bowel,2
chart reviews,1
consultation,2
shopping,1
opening,1
Henry,1
smoking during pregnancy,1
bacterial vaginosis,1
weeks of gestation,3
Mycoplasma hominis,1
pregnancy outcome,6
preterm delivery,1
vaginal smears,1
Lactobacillus,1
borderline,1
unmarried,6
maternity,2
excessive,2
bacteria,1
genital,2
married,2
hominis,1
Poland,1
tract,3
gram,3
EPI,1
nursing students,1
construction,1
engaged,1
gradual,3
maps,1
surgical approach,1
transabdominal,1
preperitoneal,1
institutions,6
Laparoscopy,2
conversions,2
laparoscopy,5
repaired,1
defects,3
moving,1
hernia,2
groin,1
mini,2
gestational sac,1
uterine artery,1
transvaginal,1
circulation,4
obstetrical,1
Resistance,3
diameters,3
yolk sac,2
uterine,2
arcuate,2
radial,4
spiral,2
Spiral,1
crown,1
police officers,1
police officer,3
least square,1
unemployment,1
Independent,2
investment,1
Dependent,1
Empirical,1
vehicle,1
police,2
prices,2
Chile,1
fleet,1
road,1
Oil,1
production,4
adaptation,1
1 minute,2
Virtual,1
cutting,2
payment,1
savings,2
funding,2
virtual,3
molding,1
milled,2
plates,1
fibula,1
flaps,1
price,1
plate,4
intravenous cannulation,1
palpable venous cord,1
thrombophlebitis,1
Peripheral,1
suggestive,1
cannulae,1
Informed,1
Cannulae,2
erythema,1
swelling,4
consent,1
cannula,1
changed,8
fluids,1
warmth,1
signs,7
wise,1
got,1
Day,1
inflammatory disorder,1
esophageal mucosa,1
unremarkable,1
esophagitis,3
esophagus,1
dysphagia,3
Endoscopy,1
mucosa,7
duration of headache,1
early intervention,2
migraine headache,1
clinical studies,1
progressed,1
15 minutes,2
headaches,1
shortened,1
shorten,1
relief,3
diary,1
coronary artery bypass,3
atrial fibrillation,4
Patient data,1
preventive,4
grafting,3
statin,7
Statin,2
influenza vaccinations,1
Influenza vaccination,1
influenza vaccination,6
Missed opportunities,1
Healthy People 2020,1
healthcare provider,1
recommendation,2
Non-Hispanic,1
magnitude,5
Hispanic,6
Internet,2
vaccine,6
whites,2
office,5
season,1
Winter,1
Fall,1
cut,12
chronic low back pain,1
prospective studies,1
antihypertensive,1
Epidemiological,3
low back pain,5
back pain,3
body mass,3
equivocal,2
revascularisation,1
endarterectomy,1
femoral artery,2
limb salvage,2
superficial,1
Cumulative,1
material,5
patency,2
table,1
leg,1
tandem mass spectrometry,1
route of administration,1
liquid chromatography,1
Presumptive positive,1
Franklin County,1
intoxications,1
norfentanyl,7
explanation,1
chest wall,2
alfentanyl,1
drug abuse,1
fentanyl,15
rigidity,3
Fentanyl,1
illicit,3
driving,1
coroner,1
opioids,1
unaware,4
content,8
heroin,1
dermal,1
opiate,1
opioid,1
patch,2
Past,1
1-2,1
analgesic administration,1
pain medication,4
vertebroplasty,5
severe pain,5
analgesics,1
categorize,1
analgesic,1
Analgesic,1
Severe,4
signed,1
Fisher,4
intensive care units,4
clinical diagnosis,1
sodium chloride,1
sodium heparin,2
organ failure,1
double blind,1
nebulization,2
Two hundred,1
ventilator,2
secretions,2
phase 2,1
VAP,6
Dermatomyositis,1
Muscle oedema,2
polymyositis,1
thigh muscle,2
Rheumatology,1
pelvic floor,1
posterior,6
weakness,1
inflamed,2
muscles,5
oedema,2
absent,2
thigh,4
Inter,1
fat,3
tau,1
ovarian hyperstimulation syndrome,2
polycystic ovary syndrome,1
hyperandrogenism,1
pregnancy rates,1
co-treatment,2
exogenous,4
ovulatory,1
gonadotrophins,1
prosthetic heart valve,1
aortic stenosis,1
indexed,2
Heart,3
class,4
Late,1
PPM,6
human cytomegalovirus,1
hypercholesterolemia,1
ethnic differences,1
diabetes status,1
Nutrition,1
serologic,2
NHANES,2
HCMV,7
vesicoureteral reflux,1
contrast agent,1
heterogeneity,5
urinary tract,1
instillation,1
impression,1
breakdown,1
1-5 years,1
voiding,1
augment,1
carries,1
stated,1
Total,6
mSv,4
cardiovascular diseases,1
Two hundred and sixty,1
medical examinations,1
occupation,2
industry,1
Approved,1
Doctors,1
Kappa,2
ill,1
retinopathy of prematurity,1
small for gestational age,1
Prevalences,1
needing,1
grams,2
ROP,7
secondary prevention,1
preliminary,1
Neural Network,1
most recent,1
Artificial,1
coronary revascularization,1
coronary artery disease,2
coronary angiography,7
aortic dissection,1
Cardiovascular,1
aortic surgery,1
Foundation,2
ascending,1
aorta,2
risks,6
Yes,2
active transport,1
air pollution,1
inequality,1
Likelihood,1
affluent,1
climate,1
incomes,1
travel,9
Travel,1
green,1
waves,1
trips,3
trip,2
bike,1
posterior longitudinal ligament,1
cervical spinal cord injury,1
spinal column,1
Spinal Injury,1
ossification,1
dislocations,1
controversy,3
neurologic,5
examining,4
C4 level,1
American,5
smaller,5
canal,5
magnetic resonance spectroscopy,1
myocardial perfusion,1
inorganic phosphate,2
energy metabolism,3
coronary artery,1
phosphocreatine,3
hypertrophied,5
Normothermic,1
normothermic,1
triphosphate,2
heart valve,1
oxygenation,7
10 minutes,2
Myocardial,2
adenosine,3
With,1
pig,1
medical diagnosis,1
Northern Ireland,2
Social Services,1
cerebral palsy,2
Cerebral Palsy,1
Child Health,2
Computing,2
System,3
record,3
Board,3
leukocyte antigen,1
gluten-free diet,5
Celiac disease,1
autoimmunity,3
Twenty-three,1
intolerance,1
consumption,6
Sixty-six,1
gluten,13
diet,7
emergency medical services,1
prevention programs,3
prevention services,6
disease prevention,1
injury prevention,1
hours per week,2
Demographic,2
Emergency,1
graduate,1
alpha,1
think,2
Staphylococcus aureus infection,1
treatment duration,3
Treatment duration,1
infection control,5
Infection control,1
polyethylene,1
concurrent,1
Retention,1
retention,6
organisms,1
implant,1
knees,9
ruptured aortic aneurysm,1
aortic aneurysm rupture,1
atmospheric pressures,1
atmospheric pressure,3
abdominal aneurysms,1
abdominal aneurysm,1
aneurysms,2
suffering,1
aneurysm,5
ruptures,1
ruptured,2
rupture,8
winter,1
spring,1
Staphylococcus aureus,1
determinations,1
antimicrobials,1
surgical site,1
fusidic acid,1
bacteraemia,2
soft tissue,1
penicillin,1
oxacillin,2
Genotypic,1
encoding,1
Ireland,3
strains,1
typing,1
toxin,2
PFGE,1
temperature range,1
refrigeration,2
child health,2
temperatures,4
thermometers,1
drug storage,1
specialised,1
temperature,2
degrees C,2
vaccines,4
storage,10
Central,1
gauges,1
refrigerators,2
social exclusion,2
expenditure,2
employment,7
Employment,1
structure,2
dimension,5
Database,2
equation,1
suicides,1
welfare,4
suicide,2
Suicide,2
Economy,1
Social,1
GDP,2
emission computed tomography,1
cerebral blood flow,1
brain functions,1
parietal cortex,1
provocation,3
corrected,12
society,2
photon,1
SPECT,6
amine,2
oxime,1
faces,1
Rest,1
Acute hemorrhagic pancreatitis,1
hemorrhagic pancreatitis,2
systemic blood pressure,1
amylase activity,1
pancreatitis,1
endothelin-1,1
antagonist,2
micrograms,1
edematous,1
restraint,1
immersion,1
receptor,3
interval,2
2 hours,1
stress,7
hourly,1
hour,13
rat,4
wet,1
administered intravenously,1
residual urine,1
holmium laser,2
urine volume,1
cystoscopic,1
100 minutes,1
Prostate,1
trilobar,5
bilobar,2
lobe,2
blood pressure monitoring,1
gynecological procedures,1
Lower limb compartment,1
lithotomy position,1
prolonged periods,1
limb perfusion,3
intra-arterial,2
pulse oximetry,1
laser doppler,1
demonstrable,2
lower limbs,1
compartment,1
colorectal,3
pelvic,6
muscle,7
pedal,1
head,3
fold,1
Use,2
inflammatory bowel disease,1
upper gastrointestinal,2
ulcerative colitis,2
mild inflammation,1
white blood cell,1
Crohn's disease,2
terminal ileum,1
colonoscopies,1
miscellaneous,3
Sixty-nine,2
WBC scan,3
colitis,2
rule,2
UGI,4
progesterone receptor,1
proliferative,3
cytometry,1
imprint,1
Tumors,1
lymph node metastasis,6
total thyroidectomy,1
thyroid cancer,1
Pre-operative,2
Thirty-seven,1
microscopic,1
recommend,5
unifocal,1
Current,3
Thyroid,1
ATA,2
N1a,2
N1b,1
animal models,1
blood alcohol,1
OBJECTIVES,1
naltrexone,2
saccharin,1
Alcohol,1
craving,2
addicts,1
blocked,2
stable,4
novel,2
cues,8
Rats,2
cue,2
low-density lipoprotein,2
oestrogen receptor,2
hormone therapy,1
polymorphisms,2
polymorphism,1
cholesterol,1
nucleotide,2
haplotypes,1
ESR2 gene,1
haplotype,1
genetics,1
variants,2
SNPs,5
Polymorphisms,1
subarachnoid hemorrhage,1
Neurological Surgeons,1
coil embolization,2
aneurysm repair,2
pupils dilated,1
aneurysmal,1
definitive,6
Inoperable,1
clipping,2
arrival,1
aging,2
World,1
dead,2
recurrent rectal cancer,1
appropriateness,3
treatment plan,1
rectal cancer,9
consideration,1
tumor stage,3
tomography,10
Forty-six,2
referring,2
cancelled,1
emission,10
scanning,3
altered,2
transrectal ultrasound,1
Magnetic resonance,1
enlarged prostate,2
suspicion,1
Detection,1
volumes,7
fusion,10
glands,1
gland,9
Whole,1
knee osteoarthritis,2
Osteoarthritis,1
drug efficacy,1
knee injury,3
simulation,2
Policy,1
Model,1
base,4
Key,1
surgical complications,1
pelvic exenteration,3
cancer treatment,1
Radiotherapy,1
exenteration,1
specializes,1
morbidities,1
exenterations,1
polymerized bovine hemoglobin,2
advanced cardiac life support,1
ventricular fibrillation,1
Basic life support,1
basic life support,1
descending aorta,1
aortic occlusion,2
balloon catheter,1
Aortic pressures,1
pulse pressures,1
standardization,1
cardiac arrest,2
Defibrillation,1
intravascular,2
fibrillation,1
aortic arch,1
Ventricular,1
blood gases,1
esophageal,2
normalized,4
relaxation,1
Occlusion,1
2 minutes,1
infusions,1
balloon,1
canine,1
atrial,4
vitamin D deficiency,1
transcription factor,1
autoimmune diseases,1
25-hydroxyvitamin D,5
supplementation,3
forkhead box P3,1
uncontrolled,1
circulating,1
regulatory,1
apparently,1
Vitamin D,1
vitamin D,5
CD4,1
multiple regression,2
commercial,6
expertise,2
accepting,1
requested,3
request,1
accept,1
theory,2
lesser,2
error,2
teams,2
advanced cancer,1
clinical trials,3
Older adults,2
expectancy,2
referrals,4
9 months,1
hospice,1
gastro-oesophageal reflux,2
gastrointestinal symptom,1
patients symptoms,1
Gastrointestinal,3
medical therapy,11
symptom control,1
Psychological,3
Well-Being,3
Symptom,3
glycine amidinotransferase,1
western blot analysis,1
creatine transporter,1
methyltransferase,1
body composition,1
guanidinoacetate,1
Plasma creatine,2
skeletal muscle,1
intracellular,1
organ weights,1
adaptations,1
homeostasis,3
metabolite,1
Pregnancy,2
nutrients,1
excretion,2
placenta,2
Creatine,1
creatine,8
arginine,1
Protein,2
ensure,2
virgin,1
fetus,3
mouse,3
heart,4
Brain,1
mRNA,5
intracerebral hemorrhage,3
plasminogen activator,1
ischemic stroke,1
sex differences,1
Implementation,1
acute stroke,1
Thrombolysis,1
independence,2
Treatments,1
alteplase,1
duration of treatment,3
depressive disorder,1
mental health care,3
mental health,4
specialized,1
Functioning,1
providers,11
retaining,4
needs,1
Axis,1
pleomorphic adenomas,1
parotid gland tumor,1
adenocarcinomas,1
Image analysis,1
salivary duct,1
basal cell,1
diffusion,3
observers,2
weighted,7
sequence,3
adenomas,2
parotid,10
lipomas,1
tailed,1
patella subluxation,1
knee arthroplasty,3
knee extension,2
mediolateral,1
instrument,1
balancing,1
spreader,2
eversion,2
patella,9
tension,4
flexion,3
vivo,1
3 mm,1
motor evoked potential,2
neurological deficit,1
spinal deformity,2
neurological,4
transcranial,1
osteotomies,2
surgeons,6
angular,1
column,2
Binary,1
alert,2
after operation,1
abdominoplasty,2
abdominal wall,2
abdominal skin,1
supraumbilical,1
not present,1
Ultrasound,4
Twenty-one,1
umbilicus,1
thinning,1
fascial,1
Seroma,1
seroma,3
prone,3
genetic polymorphism,1
creatinine levels,1
Body mass index,1
HDL cholesterol,1
kidney disease,2
Hypertension,1
triglyceride,1
Genotyping,1
Blood urea,1
genotypes,2
disorder,2
ACE gene,3
genotype,2
salting,1
Chicago,1
Info,1
Epi,1
randomized controlled trials,1
computer simulation,1
age distribution,1
red blood cell,1
categorization,1
combinations,2
inventory,1
biologic,2
very low,2
Power,1
pH measurement,2
vaginal fluid,3
microscopy,4
wet mount,1
vaginitis,1
sampling,4
specimen,3
abnormal,5
spatula,1
brought,1
slides,2
cotton,1
wooden,1
Values,2
fresh,5
strip,1
glass,1
swab,1
Exploratory laparotomy,1
Staging laparoscopy,1
disease progression,2
tumor progression,2
imaging studies,2
intraabdominal,1
unsuccessful,4
exploration,1
cirrhosis,6
extensive,2
fibrosis,2
laparoscopic surgery,2
colorectal resection,1
abdominal distention,1
persistent vomiting,1
ileal resection,1
bowel movements,1
reinsertion,2
permitted,1
vomiting,3
feeding,4
colonic,4
morning,3
nausea,1
ileus,2
recommendations,4
family planning,3
abnormal result,1
telephone call,1
colposcopy,4
Documented,1
Pap smear,5
protocols,4
repeated,7
letter,2
Emergency Medicine,3
abdominal pain,1
undergraduate,1
curriculum,3
Curriculum,1
chest pain,1
emergent,2
saw,5
duodenal atresia,1
Research Ethics,1
biliary atresia,3
investigating,3
Demographics,1
Cholestasis,3
cholestasis,5
Fifty-five,1
withdrawn,1
resolved,1
atresia,4
14 days,2
depth,1
Care,3
investigations,5
Periodontology,1
radiograph,1
dentists,4
Dentists,1
Meeting,1
poster,1
German,1
remove,1
Half,1
hits,1
essential fatty acids,1
alpha-linolenic acid,1
pantothenic acid,1
micronutrients,1
infant formula,1
micronutrient,5
public health,4
linoleic acid,1
South Africa,1
Nutritional,1
pharmacies,1
folic acid,2
manganese,1
vitamins,3
selenium,1
sachets,1
vitamin,2
mixture,1
UNAIDS,1
UNICEF,3
sachet,1
iodine,2
niacin,1
Natal,1
milks,3
cream,2
Costs,1
sugar,1
milk,5
shop,1
zinc,2
cholecystectomy,4
splenectomies,1
haematologist,1
complicating,1
gallstones,2
retained,1
acute diverticulitis,1
Acute diverticulitis,1
laboratory results,1
hospital discharge,1
questionable,1
hematochezia,1
colonoscopy,3
adenoma,1
polyp,1
single strand conformation polymorphism,1
tumour suppressor gene,1
mutation analysis,1
gene mutation,1
p53 protein,1
excision,1
6 weeks,2
chemo,1
chain,1
radio,1
wild,1
p53,9
electronic medical record,1
transfusion reaction,1
pediatric hospital,1
non-hemolytic,2
heightened,1
blood bank,2
temporary,1
allergic,3
febrile,3
ICU,8
peripheral arterial disease,1
ischemic heart disease,3
Doppler Ultrasound,1
low haemoglobin,1
Diagnosis,1
ICD-9-CM,1
Ankle,1
Death,1
PAD,3
Arm,1
IHD,2
food shopping,6
Netherlands,2
vegetables,4
Household,1
household,9
vegetable,3
Education,2
educated,1
Fruit,1
fruit,6
circumference measurements,1
ultrasound examination,1
biparietal diameter,1
Gestational age,1
perinatal death,1
uncomplicated,7
malformations,1
Pregnancies,1
singleton,2
Wallis,2
response to thermal stimulus,1
response to acetylcholine,1
sodium nitroprusside,2
previous diagnosis,1
Type 2 diabetes,1
normal glucose,1
oxygen uptake,3
microvascular,1
acetylcholine,1
exhaustion,1
hyperaemia,4
tolerant,1
forearm,1
kg/min,3
laser,1
Skin,1
ACh,2
One thousand two hundred,1
classification system,1
pelvic fractures,2
abdomen injuries,1
abdomen injury,1
sample size,1
vertical,6
unstable,2
allowed,3
Type 3,1
Type 1,2
Young,5
Types,1
shear,1
ring,1
physical disability,1
grip strength,1
foot care,3
podiatry,1
grip,1
chronic hepatitis,1
lamivudine,2
virologic,3
tenofovir,1
sustained,5
stopping,2
relapsed,1
adefovir,2
HBeAg,2
HBsAg,2
rare,3
CHB,3
gastric carcinoma,1
anatomical site,1
gastric cancer,5
mesocolon,5
adjacent,1
Surgery,2
Korea,1
complicated appendicitis,2
Emergency Room,1
appendicitis,2
Appendectomy,1
peritonitis,1
Diagnostic,1
Negative,1
Imaging,2
abscess,1
medical education,1
history taking,1
Qualitative,2
Currently,2
feedback,1
remote,4
bridge,1
teach,1
Year,1
inhibition of insulin secretion,1
somatostatin secretion,3
somatostatin receptor,1
endocrine pancreas,1
pancreatic islets,4
cyclosomatostatin,1
increased insulin,1
radioimmunoassay,1
Neuromedin U,3
neuropeptide,1
target cells,1
somatostatin,2
Expression,1
mediating,1
paracrine,1
subtypes,3
Receptor,1
NmU,6
Aim,1
Infantile hypertrophic pyloric stenosis,1
pyloric stenosis,1
muscle layer,1
surrounding,2
redundancy,2
pyloric,8
adjuvant chemotherapy,1
Tumor progression,1
Cancer Research,1
bladder cancer,2
cisplatin,2
courses,1
Cancer,1
Group,1
assisted reproductive technology,1
previous pregnancies,1
cryopreservation,1
incomplete data,1
multiparity,2
operations,1
conception,6
C-section,2
Exclusion,4
freezing,2
embryos,2
p.m.,5
ART,5
knee pain,7
Knee pain,1
medians,1
acute hepatitis C infection,1
Acute hepatitis C,1
virus infection,1
acute hepatitis,3
transmitted,1
hepatitis C,1
Twenty-nine,1
Spontaneous,1
iatrogenic,3
monogamous,1
hepatitis,1
drug use,2
routes,3
era,2
photorefractive keratectomy,1
Descemet's membrane,1
tensile strength,2
keratomileusis,1
Bowman's layer,1
corneal stroma,2
wound healing,2
excimer laser,2
keratectasia,1
corneal haze,2
breakthrough,1
hypocellular,1
keratoconus,1
ablation,5
collagen,2
fibrotic,1
scarring,1
ectasia,2
fibrils,1
wounds,1
rigid,1
heal,1
scar,1
PRK,4
corneal stromal,1
foot mobility,1
normal foot,1
forefoot,2
posture,1
midfoot,4
plantar,5
sensor,1
foot,4
transient ischemic attack,1
Chronic Conditions,1
osteoarthritis,1
deterioration,2
Services,1
Public,1
Trends,1
Files,1
Part,2
influenza vaccine,4
immunization,1
Identified,1
Fearful,2
gastrointestinal disease,1
small cell carcinoma,2
gastrointestinal,2
Extrapulmonary,1
Surveillance,1
Epidemiology,1
extirpation,1
pulmonary,1
End,1
Surface electromyography,1
physically active,2
tibialis anterior,1
muscle fatigue,4
muscle fibers,1
contractions,2
contraction,1
Italian,3
skiers,3
ski,1
chronic inflammatory disease,1
primary ciliary dyskinesia,1
bare lymphocyte syndrome,1
Churg Strauss syndrome,1
"Ear, Nose and Throat",1
medical examination,1
aspirin intolerance,1
personal history,2
Young's syndrome,1
cystic fibrosis,1
benign polyps,1
hereditary,2
Polyposis,1
formation,6
diffuse,2
Nasal,1
Impaired fasting glucose,1
fasting blood glucose,1
diabetics,1
CDM,2
Australian Capital Territory,1
premature infants,1
caesarean section,1
New South Wales,1
premature birth,1
coordinated,1
birth data,1
stillbirth,1
accessing,1
transport,1
residence,2
Perinatal,1
antenatal,1
case mix,1
membrane,1
Regional,2
Rural,2
Urban,1
disadvantage,1
American Society of Anesthesiologists,1
postoperative nausea,1
cholecystectomies,1
Ninety-nine,1
visceral,1
8 hours,1
author,1
mobile,1
flexible cystoscopy,3
nurse practitioner,1
consultant,2
suspicious,8
urologist,3
urology,1
bladder,2
Reconstruction of joint,1
tibial tuberosity,6
tibial osteotomy,3
preservation,1
fibula head,1
compromise,1
distances,1
Standing,1
natural,1
visible,1
plane,3
view,1
4 mm,2
autism spectrum disorder,1
Communication disorders,1
cochlear implants,1
normal hearing,2
music therapy,1
transmitting,1
recognition,2
Effective,1
intended,1
decoding,1
atypical,2
emotions,5
profound,3
listened,1
Measures,2
auditory,4
musical,4
message,1
labels,1
music,5
pitch,1
Mixed,1
ASD,2
Structured Clinical Interview,1
serotonin reuptake inhibitors,1
psychoactive substance use,1
body dysmorphic disorder,1
somatoform disorder,1
delusional disorder,1
psychotic disorder,1
course of illness,1
family history,11
antipsychotics,1
preoccupation,1
phenomenology,1
delusional,1
DSM-III-R,6
serotonin,1
instance,1
reuptake,1
blocking,1
insight,3
Family,3
SCID,1
ventricular hypertrophy,1
left ventricular mass,2
Echocardiography,1
Hypertensive,1
dispersion,1
LVH,7
Electrocardiogram,1
hypertensives,2
high school students,1
sexual intercourse,3
sexual behaviors,2
risk behaviors,2
illicit drugs,2
Risk Behavior,1
substance use,1
Adjusted,1
youth,1
Youth,1
second stage of labor,3
Fetal scalp blood pH,1
first stage of labor,1
arterial blood pH,1
fetal heart rate,1
false negative,1
NICU admission,1
decelerations,9
intrapartum,1
fetal blood,2
exhibiting,1
odd ratio,1
Excellent,1
acidosis,6
Various,3
labor,1
Quality Assurance,1
morbid obesity,1
Male gender,1
sleep apnea,1
short term,1
oversewing,1
Institute,3
staple,2
Staple,1
ambulatory blood pressure,1
increased blood pressure,1
Cardiovascular disease,1
fully adjusted,1
occupational,3
relations,1
workload,6
cleaners,1
lacking,2
mounted,2
ABP,6
Centers for Disease Control,1
World Health Organization,2
influenza-like illness,1
family physician,1
physician office,1
excess mortality,1
influenza virus,2
Influenza virus,1
office visits,1
surveillance,2
office visit,2
sore throat,1
Prevention,1
volunteer,1
judgment,1
seasons,5
fever,2
cough,1
Aspiration thrombectomy,1
thrombectomy,3
Electronic,2
risk ratio,1
thrombosis,1
segment,2
Summary,1
stent,6
Meta,1
effervescent tablets,1
equivalents,1
tooth wear,1
Endogenous,1
pH meter,1
erosive,1
acidity,5
tablets,1
sugars,2
irritable bowel syndrome,1
Abdominal bloating,1
abdominal bloating,1
oligosaccharides,1
symptom severity,1
Symptom Severity,1
Abdominal pain,1
galactosidase,1
fermentation,2
hydrolases,1
hydrolysis,1
flatulence,1
prominent,1
Assisted,1
diarrhea,1
contain,2
Fluorodeoxyglucose,1
autoradiography,1
immobilization,1
compensating,1
segmentation,3
conflicting,1
glycolysis,1
decreasing,3
breathing,1
cellular,1
hypoxic,4
tracers,1
tracer,2
Image,1
cardiovascular evaluations,1
electrocardiogram,1
ECG abnormalities,1
Blood pressure,1
beta-blocker,4
propranolol,1
hemangiomas,1
Hypotension,1
infantile,1
relatives,1
contraindications,1
Height and weight,1
feeding practices,1
Body Mass Index,1
responsibility,3
endocrinology,1
consider,1
adapted,1
Feeding,1
Obese,2
Child,2
kg/m2,1
atomic absorption spectrometry,1
elements in urine,3
emission spectrometry,1
spectrophotometry,1
chemical content,1
trace elements,1
proposal,1
formers,2
hair,3
cellular proliferation,2
endometrial polyps,3
abnormal bleeding,1
general hospital,1
hysteroscopy,1
progesterone,1
out-patient,1
cell growth,1
Endometrial,1
oestrogen,2
Polyps,1
polyps,2
Bcl-2,3
reduced mobility,1
tranexamic acid,1
Optimization,1
allogeneic,4
tailoring,1
America,1
international normalized ratio,1
plasma thromboplastin,1
arterial catheter,1
arterial lines,1
contamination,9
arterial line,2
Aspiration,1
heparinase,2
catheters,1
Arterial,1
clotting,4
cardiac,3
Heparin,1
ports,1
APTT,4
institutional review board,1
gadobenate dimeglumine,2
Rheumatoid Arthritis,1
synovial tissue,2
contrast media,1
tenosynovitis,4
finger joints,1
Image quality,1
saturation,1
kilogram,1
mmol/kg,1
familial adenomatous polyposis,1
restorative proctocolectomy,3
abdominal desmoid tumor,1
ileorectal anastomosis,3
Patient demographics,1
bowel obstruction,1
proctocolectomy,1
desmoid tumors,1
desmoid tumor,1
approaching,1
ileorectal,1
colectomy,1
sequelae,1
desmoids,5
fistula,1
stomas,1
stoma,1
masticatory muscle,1
high frequency,3
low frequency,3
efficiency,2
bruxism,2
nights,3
bursts,2
night,8
burst,2
moved,1
jaw,1
collateral circulation,1
right atrial pressures,1
restenosis,7
Collateral,2
Restenosis,1
stenoses,1
vessel,2
wedge,1
Graduate Medical Education,1
Accreditation,1
New England,4
accredited,1
Training,1
Council,1
journal,2
mock,2
club,1
Controlled ovarian stimulation,1
intrauterine insemination,1
multiple pregnancies,1
pregnancy rate,1
Induction,1
Academic,2
couples,3
Ongoing,1
COS,2
One hundred and eighty,1
hospital admissions,2
psychotropic drugs,1
diagnostic tests,2
Medication use,1
specialists,1
Reliable,1
osteogenesis imperfecta,1
bone densitometry,2
stress fractures,1
vertebral body,1
normal range,1
pamidronate,1
right femur,1
case report,1
osteopenia,1
fragility,2
vertebral,5
sclerotic,1
Cyclical,1
skeletal,5
Skeletal,1
toddler,1
Z-score,1
4 years,2
spinal,3
Axial,1
DXA,2
APD,1
accelerated partial breast irradiation,1
hyperpigmentation,1
telangiectasia,1
Universities,2
breast tumor,1
patient died,2
definition,1
dose rate,4
systemic,3
breasts,3
Target,1
keloid,1
clip,1
empiric treatment,1
Escherichia coli,1
fluoroquinolones,2
fluoroquinolone,1
Uncomplicated,1
urine culture,1
organization,1
ofloxacin,2
dwelling,1
Israeli,1
E. coli,1
Metastatic carcinoma of prostate,1
Microsatellite instability,1
colorectal cancer,3
germline mutation,2
mismatch repair,1
ovarian cancers,1
Lynch syndrome,1
predisposition,1
ovarian cancer,3
endometrial,3
synchronous,3
methylation,1
Criteria,1
promoter,1
HNPCC,5
colon,1
MSH2,3
MSH6,2
MLH1,4
MMR,2
circumferential,2
urinary fistula,1
prostatectomy,2
infiltration,1
prostatic,3
urologic,1
urethral,1
Partial,1
fetal anomaly,3
pyelectasis,1
antepartum,1
sonograms,3
Eligible,1
Neonatal,2
Full,1
environmental tobacco smoke,1
intervertebral discs,1
tobacco smoke,1
Respondents,1
neck injury,1
inhalation,1
sick leave,5
neck pain,1
asthma exacerbations,4
mild to moderate,1
dexamethasone,8
Meta-analysis,2
prednisolone,1
prednisone,4
encounter,1
1-2 days,1
Medline,2
adolescent idiopathic scoliosis,2
radiography,1
immature,2
maturity,2
Fusion,1
brace,1
Suk,4
Gastrointestinal symptoms,1
health care resources,1
long-term treatment,2
motor disorders,1
pharmacological,1
gastroparesis,1
drug therapy,1
investigator,3
electrical,1
Healthcare,1
resource,3
Symptoms,1
pyramidal tract,3
muscle strength,3
vitamin B12,1
spinal cord,3
amyotrophy,1
atrophic,1
endochondral ossification,2
osteochondritis dissecans,1
normal ossification,1
femoral epiphysis,1
sagittal plane,1
coronal plane,1
bone growth,1
disruption,2
integrity,2
condyles,4
widening,1
contour,2
femoral,4
condyle,1
physis,3
square,1
Laparoscopic cholecystectomy,1
Gallbladder perforation,1
open cholecystectomy,2
Teaching Hospital,1
wound infection,1
Bile duct,1
gallstone,1
spillage,1
biliary,1
port,1
tumor classification,1
partial nephrectomy,1
perinephric fat,1
staging system,2
kidney cancers,1
kidney cancer,1
includes,3
adrenal,1
retain,1
pT1a,1
pT1b,1
pT2a,1
pT2b,2
pT3c,2
T2a,1
T2b,1
T3a,1
pT4,2
pT1,1
postoperative pain,2
bone regeneration,1
mouth opening,2
Quantitative,1
bone density,1
third molar,3
extraction,2
millimeter,1
platelet,1
impacted,1
inferred,1
trismus,1
sockets,1
caliper,1
socket,1
Socket,1
lamina,2
rich,1
tape,1
gel,2
atopic dermatitis,1
allergen extracts,1
house dust mites,1
aeroallergens,1
manufactured,1
patch test,2
microg/g,1
extract,3
Der p 1,1
atopic,2
eczema,1
atopy,1
APT,6
purifications,1
National Center for Health Statistics,1
anticipatory guidance,4
health care quality,1
Early Childhood,1
well child,1
Content,1
Shigella species,1
food poisoning,1
epidemiologic,1
shigellosis,1
Shigellosis,1
time series,1
expense,1
Trend,1
breast masses,1
dense breasts,1
Subtraction,1
benefiting,1
parenchyma,2
India ink,1
artifact,1
lexicon,1
Breast,2
dense,2
Self-destructive behaviour,1
major cause of death,1
poisoning by alcohol,1
survey methodology,1
cause of death,1
undetermined,1
Merseyside,1
unemployed,1
poisoning,3
accidents,1
homicide,1
employed,2
Cheshire,1
Coroner,1
notes,1
early detection of prostate cancer,1
prostate-specific antigen,1
Combination,1
reflex,1
logic,1
train,2
ng/mL,2
Free,1
antigen,1
Library,1
PubMed,1
Scopus,1
Upper,1
Ki-67,17
Then,1
Tis,1
neonatal intensive care unit,1
intervention trial,1
respiratory,1
targeting,2
Caucasian,1
Hispanics,1
Smoking,1
Project,1
earning,2
Mothers,1
Breath,1
smoker,3
NICU,4
Baby,1
cars,1
car,1
ban,5
Socioeconomic,1
posttraumatic stress disorder,1
cognitive processing,1
therapeutic alliance,1
study design,1
therapists,7
supervisor,2
therapist,2
Checklist,1
veterans,1
trainers,1
flexible,1
trainer,1
actions,1
style,1
CPT,2
National Ambulatory Medical Care Survey,1
diagnostic services,1
family physicians,2
reason for visit,1
Family medicine,1
family practice,2
consultations,1
Northeastern,1
identical,2
conduct,1
blacks,1
Ohio,2
dislocation,2
fractured,2
Limb,1
left ventricular assist devices,1
right ventricular failure,1
Right ventricular failure,1
Ventricular arrhythmias,1
surgical procedures,2
transplantation,4
nitric oxide,1
hemorrhages,1
creation,1
Detailed,1
bridges,1
powered,1
medical researchers,1
publications,1
manuscripts,6
manuscript,4
citation,3
reviewer,7
reviews,6
Authors,1
sensorimotor polyneuropathy,1
spastic paraparesis,1
abnormal MRI,1
immunologic,1
virus type,1
myelopathy,2
specified,1
provirus,1
HTLV-I,4
TSP,2
cerebral embolism,1
ischaemic stroke,1
total bilirubin,1
heart diseases,1
heart failure,1
left atrium,1
shortening,1
Continuous,1
biomarker,2
Previous,1
collapsed,1
networks,1
counties,5
Savings,1
member,1
DATA,1
primary care physicians,3
peptic ulcer disease,1
Helicobacter pylori,1
nonulcer dyspepsia,1
completeness,1
interpreted,2
dyspepsia,1
liver metastases,1
hepatectomy,1
Initial,1
PCT,2
gestational diabetes mellitus,1
first trimester,2
Fetal Medicine,1
translucency,1
aneuploidies,1
karyotype,1
Carpenter,1
nuchal,1
British Columbia,2
certification,1
Six hundred,1
appointment,1
Degree,1
Few,1
ventilator-associated pneumonia,1
antibiotic administration,1
specimen collection,2
teaching hospital,2
bronchoscopy,1
work shift,1
Saturday,1
weekends,1
holidays,1
Monday,1
a.m.,6
case control study,1
Research Institute,1
expression level,1
binding protein,1
HINT1 gene,2
chromosome,1
histidine,1
pedigrees,1
brains,1
triad,1
Irish,2
axillary lymph node dissection,1
Clinical examination,1
sentinel lymph node,1
contraindication,1
surgical biopsy,1
axillary nodes,5
enlargement,1
ipsilateral,4
asymmetric,1
palpable,4
axilla,2
False,1
social support network,1
working conditions,1
population health,1
caregiver burden,2
social services,1
personal health,1
social status,1
weaknesses,1
promotion,1
Interview,1
improving,1
Benefit,2
Canada,3
coping,1
CCB,2
pancreatoduodenectomy,1
obstructive jaundice,1
very high,1
speech recognition,3
cognitive ability,2
trail making test,1
compressed,2
Electrical,1
cognition,3
Engineers,1
sentences,1
earphones,1
Working,1
Speech,1
dB SPL,1
Scottish,2
Scotland,6
posters,1
coughs,2
colds,2
face,3
single nucleotide polymorphisms,1
breast cancer susceptibility,1
genetic database,1
forests,2
Models,2
BRCA1,3
BRCA2,3
SNP,3
knee replacement,1
knee prosthesis,2
electromagnetic,1
knee disease,1
compartments,2
kinematics,3
quadriceps,1
Quadriceps,2
ligaments,1
cruciate,1
climbing,1
cadaver,1
axial,2
pediatric trauma score,1
mechanism of injury,3
Childhood obesity,1
respiratory rate,2
rib fractures,1
Nine hundred,1
percentile,2
pandemic,1
injured,1
City,1
extremity fractures,1
orthopaedic trauma,1
lower extremities,1
injury mechanism,1
femur fractures,2
closed fracture,1
classifications,1
CT scanogram,2
Standard,1
daytime,1
femurs,1
films,1
Other,1
IMN,3
32A,1
needle liver biopsy,1
portoenterostomy,3
Kasai procedure,1
age of patient,1
albumin levels,1
giant cells,3
cholangitis,2
hepatocyte,1
ballooning,1
bilirubin,4
end-stage,1
successes,1
lobular,2
Success,1
babies,1
ducts,1
focal,2
duct,1
bile,2
Bile,1
Midwestern United States,1
Urinary free cortisol,1
illness severity,1
cortisol levels,2
renal function,1
Interventions,1
Controlling,1
ventilated,1
APACHE III,1
listening,1
RESEARCH,1
cortisol,1
mg/day,1
Congenital cytomegalovirus infection,1
congenital infection,2
umbilical cord blood,2
low birth weight,1
time of delivery,1
not detected,1
IgG and IgM,1
indicator,1
adopted,1
manual review,1
oesophageal,2
food intake,1
Ambulatory,1
pharyngeal,1
measuring,2
Artefacts,1
artefacts,1
gastro,1
supine,1
protective factors,1
family members,1
Tuberculosis,1
home visit,1
Findings,2
adherent,2
expenses,1
Factor,1
China,1
rating scale,2
pedestrians,2
vehicular,1
durations,1
sensory,2
street,6
bone alkaline phosphatase,1
osteoporotic fracture,1
biochemical markers,4
bone resorption,1
bone formation,2
tetracycline,1
crosslinking,1
procollagen,1
Systemic,1
turnover,1
skeleton,1
terminal,2
T-score,1
Bone,1
depressed mood,1
somatization,3
Evidence,1
heighten,1
Gender,1
Diet,1
nonsteroidal anti-inflammatory drugs,1
antihistamines,5
prescriptions,6
prescribing,4
counter,3
yearly,3
NSAIDs,2
Idaho,1
NSAID,3
building industry,1
rotator cuff,2
Rotator cuff,1
agriculture,1
profession,1
forestry,1
repairs,2
Office,1
tears,1
streptococcal infections,1
streptococcal infection,1
antistreptolysin,1
infectious,1
relapsing,1
remitting,1
assay,1
ASO,2
social anxiety disorder,2
intrusive thoughts,1
social anxiety,4
working memory,3
Interference,1
rumination,1
Internal Medicine,1
general medicine,1
Research Nurse,1
investigators,2
Investigators,1
Investigator,3
Consultant,1
Registrar,1
journals,1
Allergy,1
Correct,1
Chronic low back pain,1
motor performance,1
deteriorated,3
cognitions,3
Special,1
lying,4
parotid glands,1
distressing,1
Ipsilateral,1
toxicities,2
Subjective,1
xerostomia,1
one side,1
Dryness,1
Parotid,1
mouth,3
monounsaturated fatty acids,1
nutritional deficiencies,1
saturated fatty acids,1
parathyroid hormone,1
celiac diseases,1
celiac disease,2
healthy diet,1
fatty acids,1
calories,1
minerals,1
ferritin,1
fiber,1
diets,1
primary schools,2
eating habits,3
principals,7
teachers,4
Teachers,1
Schools,1
opinion,3
school,11
foster,1
comply,1
rules,2
topic,1
play,2
positive pressure ventilation,1
Emergency Medical Services,1
minute ventilation,1
endotracheal tube,1
airway devices,1
critical care,1
peak pressure,1
minute volume,1
oropharyngeal,1
tidal volumes,1
ventilations,1
tidal volume,2
supraglottic,1
ventilating,1
intubation,1
ventilate,2
simulator,2
scenarios,1
scenario,4
laptop,1
agency,1
mask,2
fire,1
respiratory failure,1
teaching hospitals,2
tonsillectomies,2
tonsillectomy,6
adenoidectomy,1
hospital cost,1
clustering,1
Inpatient,1
Risk,2
KID,2
mother-child relationship,2
comorbid conditions,1
sexual partners,1
undergraduates,1
cigarette smokers,1
abdominal obesity,1
Data collected,1
alcohol use,1
neglected,1
habitual,1
dilution,1
resting,1
Ghana,1
>90,1
bpm,1
comparative study,1
body MRI,1
measurement methods,1
Reproducibility,1
paragangliomas,2
temporal bone,1
carotid body,2
duplicate,1
irregular,1
Method,1
manual,4
shape,1
wait,1
fast,1
conglomerates,2
opportunistic infections,1
Infliximab,1
monoclonal,2
etanercept,4
infliximab,3
Northern,1
coeliac disease,2
Quality of life,2
serology,1
Dietary,1
Voxel-based morphometry,1
neuron degeneration,1
brain atrophy,1
temporal lobe,2
progranulin,1
head MRI,1
parietal,1
semantic,1
type 2,3
type 3,3
qualitative,3
conducting,1
indigent,1
Selected,1
Pathway,7
Laparoscopic colectomy,1
laparoscopic procedure,1
hepatic metastases,1
Laparoscopic,1
explosion,1
Staging,1
Nodal,1
LUS,6
invasive breast cancer,1
cancer therapy,1
enriched,1
luminal,2
pCR,3
adenotonsillectomy,2
haemorrhages,4
haemorrhage,1
recurred,1
Throat,1
Nose,1
Ear,1
Children's hospital,1
emergency service,1
patient admission,1
gastroenteritis,1
psychological,1
hospital bed,2
unscheduled,2
short stay,12
convulsion,1
Admission,1
resources,1
New,6
immunocytochemistry,1
parotid tumours,1
eyelid lesions,2
parotid tumour,1
eyelid tumour,1
parotidectomy,1
upper eyelid,1
Histology,1
Biopsy,1
vice,1
postoperative period,1
endocrine disorders,1
urine free cortisol,2
pituitary surgery,1
Cushing's disease,2
hypercortisolism,1
transsphenoidal,1
nasal discharge,1
serum cortisol,1
transitory,3
Remission,1
reversal,1
cacosmia,1
diurnal,1
Failure,1
Relapse,1
Tumour,1
Fifty-seven,1
Angiography,1
dobutamine,1
elevations,1
Elevation,1
troponin,1
effort,1
thoracolumbar scoliosis,1
Spinal Deformity,1
Working Group,1
terminology,2
Terminology,1
transverse,1
arbitrary,1
Scoliosis,1
scoliosis,1
Vertebral,1
extending,1
Research,2
vertebra,4
deviated,1
standing,2
covering,1
Thoracic,1
rotated,5
Type II,1
Apical,1
disc,5
apex,6
undescended testis,2
undescended testes,1
primary physician,1
retractile testes,1
Ultrasonography,2
ultrasonogram,2
para-aortic lymph node,1
distribution patterns,1
node-positive,1
responsive,3
lymph,2
loop electrosurgical excision procedure,1
cold knife,5
conization,2
Diameter,1
LEEP,5
cone,3
helical computed tomography,1
mandibular canal,1
dental implant,1
oblique,3
crest,1
thick,2
ischemic myocardial dysfunction,1
Ischemic preconditioning,1
preconditioning,1
hibernation,1
apparatus,1
infarcted,1
4 times,1
rabbit,1
bouts,1
ramp,1
invasive cervical cancer,2
Pap test,1
Invasive,1
Updated,1
cervix,1
Electronic health records,1
patient screening,1
heart disease,1
Automated,1
prompts,3
summary,2
prompt,1
persistent atrial fibrillation,1
antiarrhythmic drugs,2
normal sinus rhythm,1
open heart surgery,1
radiofrequency,1
sinus rhythm,1
Recurrence,1
Duration,1
pharmaceutical,1
pharmacy,1
Reformed,1
reality,1
esophageal carcinoma,1
carcinoma esophagus,1
Pathological,1
Tumor,1
ventriculoperitoneal shunt,1
upper extremity weakness,1
lower extremity weakness,1
neurological function,1
scoliosis correction,4
neurological injury,1
cranial nerve palsy,1
upper extremities,1
shunt malfunction,1
myelomeningocele,1
spinal fusion,1
sensory loss,1
Cobb angle,1
worsening,1
Charts,1
carry,1
Vitamin D deficiency,1
hyperparathyroidism,1
mineral metabolism,2
ergocalciferol,7
insufficiency,1
phosphate,1
binders,1
Stages,1
nmol,4
laparoscopic fundoplication,1
Five hundred and twenty,1
Six hundred and twenty,1
esophageal peristalsis,1
fundoplication,1
hiatal hernia,1
Elderly,1
Poorly differentiated,1
systemic infection,1
autoimmune disease,1
castration,1
androgen,1
penile,1
malignant melanoma,1
first presentation,1
Breslow thickness,1
skin cancer,1
melanomas,7
South,2
1 mm,2
thin,1
immunosuppressive agents,1
spontaneous remission,2
microscopic hematuria,1
Polyarteritis nodosa,1
systemic vasculitis,1
mesenteric arteries,1
acute renal failure,1
cardiac arrhythmias,1
renal arteriography,1
recreational drug,1
immunosuppressive,1
cyclophosphamide,1
renal ultrasound,1
renal infarction,1
free of symptoms,1
glucocorticoids,1
Medical history,1
arteriography,1
thrombophilia,1
left flank,1
Contrast,1
embolism,1
rarely,1
organ,1
Once,1
Cytoplasmic,1
orbital,2
Nuclear,1
cell transplantation,1
infusion procedure,1
dimethyl sulfoxide,1
stem cell infusion,1
neutropenic fever,1
progenitor cell,1
hematopoietic,2
Contamination,1
contaminated,2
bone marrow,1
autologous,3
transplant,1
donations,2
Bacterial,1
bottles,1
faulty,1
grafts,1
donors,4
Grafts,1
attack,1
steps,1
histocompatibility antigens,1
histocompatibility complex,1
antigen-presenting cells,2
antigen presentation,1
mechanism of action,1
immune suppressant,1
hydroxychloroquine,2
lipopolysaccharide,1
immunosuppression,1
interferon-gamma,1
cell viability,1
cyclosporine,3
chloroquine,5
Chloroquine,1
inhibition,1
CD3epsilon,1
reactive,1
suppress,3
murine,1
amines,3
T-cell,5
donor,1
host,1
GVHD,2
MHC,4
interleukin-2,1
menopausal symptoms,1
Depression Scale,2
premenopausal,2
Participating,1
perimenopause,2
premenopause,1
Vitality,1
Anxiety,2
emotion,1
contextual factors,1
population size,1
data analysis,3
complements,1
separating,1
Southeast,1
rejection,1
reveals,1
fails,1
implants,1
fragment,1
MATERIAL,1
gliding,1
Blade,2
blade,2
Poor,1
emergency contraception,1
intrauterine device,1
nurse practitioners,1
ultrasound guidance,1
copper T380A,1
nulliparous,2
insertions,4
choosing,1
Adjuvant,1
copper,1
employ,1
Utah,1
gastroesophageal junction,1
neoadjuvant therapy,1
positive lymph node,2
gastric cancers,1
Tumor size,1
prognoses,1
Korean,5
DSS,3
MTG,2
