Word,Count,Splits,Updated_Splits
concise,1424,2,1
placebo,1004,2,1
therapy,907,2,1
clinical,771,2,1
symptoms,489,2,1
screening,415,2,1
acute,395,2,1
mortality,371,2,1
diabetes,370,3,1
incidence,344,2,1
outcomes,342,2,1
infants,329,2,1
dose,318,2,1
diagnosis,317,2,1
serum,300,2,1
oral,297,2,1
cholesterol,287,4,1
treatments,272,2,1
chronic,271,2,1
baseline,262,2,1
infection,262,2,1
intervention,255,2,1
hypertension,237,3,1
adverse,235,2,1
adults,230,2,1
effectiveness,229,2,1
interventions,224,3,1
coronary,218,2,1
pregnancy,216,3,1
sensitivity,211,2,1
Patients,209,2,1
examination,197,2,1
antibiotics,196,4,1
findings,190,2,1
bone,184,2,1
surgery,181,2,1
asthma,177,3,1
bleeding,176,2,1
drugs,171,2,1
disorder,170,2,1
cohort,170,2,1
specificity,168,2,1
syndrome,167,2,1
odds,165,2,1
antibiotic,162,4,1
depression,161,2,1
medication,156,2,1
prevention,156,2,1
prevalence,155,3,1
assessment,153,2,1
decreased,145,2,1
calcium,144,2,1
recurrence,144,2,1
diet,143,2,1
morbidity,142,3,1
moderate,141,2,1
cardiovascular,139,5,1
mild,136,2,1
renal,136,2,1
trials,135,2,1
complications,133,2,1
insulin,130,3,1
myocardial,128,4,1
reviewed,127,2,1
smoking,127,2,1
headache,126,2,1
medications,126,2,1
guidelines,125,3,1
risks,125,2,1
vitamin,121,2,1
diagnosed,121,2,1
prophylaxis,120,4,1
adjusted,120,2,1
infarction,116,3,1
urinary,116,2,1
fractures,115,3,1
symptom,113,2,1
elevated,113,2,1
aspirin,113,3,1
predictive,112,2,1
inhibitors,112,3,1
strategies,111,2,1
cervical,111,3,1
recurrent,111,2,1
therapies,110,3,1
systematic,110,2,1
therapeutic,109,5,1
cough,109,2,1
plasma,108,2,1
inflammatory,108,4,1
concentrations,108,2,1
thyroid,108,2,1
infections,106,3,1
lipoprotein,105,4,1
examined,105,2,1
knee,105,2,1
disorders,103,2,1
hypothyroidism,103,4,1
hormone,102,3,1
asymptomatic,101,3,1
severity,101,2,1
pertussis,101,3,1
obesity,99,3,1
sodium,99,2,1
abnormal,98,2,1
bacterial,97,3,1
recommendations,97,2,1
elderly,97,2,1
glucose,97,3,1
randomized,96,2,1
cream,96,2,1
survival,96,2,1
deaths,94,2,1
endometrial,93,3,1
onset,93,2,1
physicians,92,2,1
adolescents,90,4,1
ratios,90,3,1
warfarin,89,3,1
treating,88,2,1
neonatal,88,3,1
vaginal,87,3,1
Controlled,86,2,1
Treatment,86,3,1
antidepressants,86,4,1
dysfunction,86,3,1
exposure,85,2,1
statin,85,2,1
menstrual,85,3,1
feeding,84,2,1
acetaminophen,84,5,1
migraine,83,2,1
anxiety,83,2,1
symptomatic,83,3,1
regimens,82,3,1
venous,82,2,1
creatinine,82,3,1
vaccine,82,3,1
fracture,81,3,1
cytology,81,3,1
topical,81,2,1
regimen,80,2,1
lowering,78,2,1
lesions,77,2,1
laboratory,77,2,1
intake,77,2,1
lipid,77,2,1
inhaled,76,3,1
overweight,76,2,1
vascular,76,3,1
tinea,76,2,1
investigated,75,2,1
clinic,74,2,1
pelvic,74,2,1
surgical,74,2,1
postmenopausal,73,5,1
bowel,73,2,1
Clinical,72,3,1
ambulatory,71,3,1
enzyme,71,3,1
contraceptive,70,3,1
insomnia,70,3,1
vaginosis,69,4,1
vaccination,69,3,1
sustained,68,2,1
liver,68,2,1
carcinoma,68,3,1
erythromycin,68,5,1
fetal,67,2,1
pulmonary,67,3,1
Compared,67,2,1
illness,67,2,1
childhood,66,2,1
constipation,66,3,1
eligible,66,3,1
tissue,66,2,1
prescribed,66,2,1
cryotherapy,65,3,1
mineral,65,2,1
antibodies,65,4,1
pregnant,65,3,1
nephropathy,65,5,1
retrospective,65,3,1
physician,65,2,1
glucosamine,65,5,1
trend,64,2,1
herpes,64,2,1
diabetic,64,3,1
ultrasonography,64,4,1
cardiac,64,2,1
athletes,64,2,1
ultrasound,63,3,1
chest,63,2,1
preterm,62,2,1
progression,62,2,1
mothers,62,2,1
diseases,62,2,1
lesion,61,2,1
otitis,61,2,1
sunscreen,61,2,1
maternal,60,2,1
antihypertensive,60,4,1
diarrhea,60,4,1
diagnostic,59,2,1
mmHg,59,3,1
hypertensive,59,3,1
hepatitis,59,3,1
dietary,58,3,1
artery,58,2,1
heterogeneity,58,3,1
respiratory,58,3,1
psychological,58,2,1
throat,57,2,1
nasal,57,2,1
thrombosis,57,4,1
antidepressant,57,4,1
endoscopy,57,3,1
abnormalities,57,3,1
ventricular,56,3,1
supplementation,56,3,1
insufficient,56,3,1
postpartum,56,3,1
classified,56,2,1
imaging,56,2,1
desmopressin,56,5,1
acne,56,2,1
peripheral,55,3,1
smokers,55,3,1
bipolar,55,3,1
outpatient,54,3,1
corticosteroids,54,5,1
pneumonia,54,3,1
prophylactic,54,4,1
premenstrual,54,4,1
deficiency,53,3,1
questionnaire,53,2,1
Randomized,53,2,1
diastolic,53,4,1
blinded,53,2,1
cultures,53,2,1
reductions,53,2,1
weekly,53,2,1
hazard,53,3,1
Overall,52,2,1
ABP,52,2,1
regurgitation,51,3,1
compliance,51,2,1
clinics,51,2,1
prolonged,51,2,1
spine,51,2,1
tolerance,51,2,1
circumcision,51,3,1
infectious,51,3,1
pregnancies,50,4,1
genital,50,2,1
pneumococcal,50,5,1
NSAIDs,50,4,1
mellitus,49,4,1
hospitalization,49,2,1
thromboembolism,49,6,1
resistant,49,2,1
cesarean,49,3,1
tamoxifen,49,3,1
allergy,49,2,1
melanoma,49,3,1
osteoporosis,48,5,1
referral,48,2,1
rupture,48,3,1
Scale,48,2,1
diagnosing,48,2,1
muscle,48,2,1
intrauterine,47,4,1
clindamycin,47,5,1
steroid,47,2,1
prospective,47,2,1
angiotensin,47,4,1
obstructive,47,3,1
excision,47,2,1
transvaginal,47,4,1
apnea,47,2,1
indications,47,2,1
biopsy,47,3,1
concussion,47,3,1
likelihood,47,2,1
prenatal,47,3,1
weighted,46,2,1
warts,46,2,1
reflux,46,3,1
injections,46,2,1
osteoarthritis,46,6,1
emergency,45,2,1
testicular,45,2,1
fatigue,45,2,1
allergic,45,3,1
contraceptives,45,3,1
wound,45,2,1
gastrointestinal,45,5,1
metformin,45,3,1
receptor,44,2,1
spontaneous,44,3,1
corticosteroid,44,5,1
admission,44,2,1
systemic,44,2,1
Medline,44,2,1
CHF,44,2,1
PID,44,2,1
benign,43,2,1
herbal,43,2,1
miscarriage,43,3,1
remission,42,2,1
logistic,42,2,1
disability,42,2,1
mood,42,2,1
infertility,42,3,1
daytime,42,2,1
cysts,42,3,1
atrial,41,2,1
nocturnal,41,4,1
intravenous,41,4,1
lifestyle,41,3,1
fibrillation,41,4,1
atypical,40,3,1
diagnose,40,2,1
urine,40,2,1
torsion,40,3,1
mammography,40,3,1
relieve,40,2,1
infected,40,2,1
LDL,39,2,1
perinatal,39,3,1
clinicians,39,2,1
squamous,39,3,1
untreated,39,3,1
benzodiazepines,39,6,1
obese,39,2,1
irritable,39,3,1
diagnoses,39,2,1
adequate,38,3,1
colposcopy,38,3,1
gestational,38,2,1
relapse,38,2,1
bupropion,38,3,1
bibliographies,38,3,1
thyroxine,38,4,1
panic,38,2,1
fasting,38,2,1
colorectal,38,4,1
azithromycin,38,5,1
PMS,38,2,1
fiber,37,2,1
estrogen,37,3,1
HSV,37,2,1
Depression,37,2,1
depressive,37,3,1
foods,37,2,1
simvastatin,37,4,1
adjustment,37,2,1
pioglitazone,37,5,1
femoral,36,2,1
amlodipine,36,5,1
hysterectomy,36,5,1
fluoride,36,3,1
subclinical,36,4,1
cognitive,36,2,1
ischemic,35,3,1
consensus,35,2,1
pressures,35,2,1
elective,35,2,1
extraction,35,2,1
injuries,35,2,1
clarithromycin,35,5,1
isolates,35,2,1
superficial,34,3,1
dosage,34,2,1
systolic,34,3,1
hemorrhage,34,4,1
fibre,34,2,1
juice,34,2,1
laser,34,2,1
Achilles,34,2,1
angina,33,2,1
mmol,33,2,1
antagonists,33,3,1
metronidazole,33,5,1
Secondary,33,2,1
progesterone,33,4,1
sulfonamide,33,4,1
IgG,33,2,1
triglyceride,32,4,1
intraepithelial,32,6,1
transient,32,2,1
biochemical,32,3,1
antimicrobial,32,5,1
rehabilitation,32,4,1
guideline,32,2,1
Prevention,32,2,1
mononucleosis,32,5,1
deciliter,32,3,1
abstracted,31,2,1
anticoagulant,31,5,1
intrapartum,31,4,1
abdominal,31,3,1
indication,31,2,1
diuretics,31,4,1
centers,31,2,1
ovarian,31,3,1
malignant,31,3,1
erythema,31,3,1
sulfate,31,3,1
elevations,31,2,1
investigations,31,2,1
TSH,31,2,1
subgroups,31,2,1
randomization,31,2,1
terbinafine,31,5,1
caries,31,2,1
hyperthyroidism,31,4,1
breastfeeding,31,3,1
gestation,31,2,1
incision,31,2,1
alopecia,31,3,1
triglycerides,30,4,1
agonists,30,3,1
discontinuation,30,3,1
augmentation,30,2,1
fluoxetine,30,4,1
Drug,30,2,1
gastric,30,3,1
hysteroscopy,30,4,1
ischaemic,30,4,1
tablets,30,2,1
hernia,30,3,1
antihistamines,30,5,1
anemia,30,2,1
healing,30,2,1
Grade,30,2,1
lymph,30,3,1
pravastatin,30,3,1
tendon,30,2,1
decreases,29,2,1
hormonal,29,3,1
alcohol,29,2,1
diuretic,29,4,1
fold,29,2,1
impairment,29,3,1
examinations,29,3,1
steroids,29,3,1
refractory,29,3,1
Trial,29,2,1
births,29,2,1
lithium,29,3,3
impaired,29,3,3
faecal,29,3,3
invasive,29,2,2
anticoagulation,29,4,4
atopic,29,3,3
heparin,29,3,3
punch,29,2,2
digoxin,29,3,3
idiopathic,28,4,4
bronchoconstriction,28,5,5
dermatitis,28,3,3
hemoglobin,28,4,4
imipramine,28,5,5
CIN,28,2,2
postoperative,28,3,3
Screening,28,2,2
pharmacological,28,4,4
tobacco,28,3,3
reuptake,28,3,3
stool,28,2,2
reproductive,28,3,3
percentile,28,2,2
carvedilol,28,4,4
prognostic,28,4,4
paracetamol,28,5,5
progestogen,28,3,3
ulcer,28,2,2
deficit,28,3,3
uncomplicated,28,3,3
nedocromil,28,4,4
eczema,28,3,3
mitral,27,2,2
Efficacy,27,3,3
Risk,27,2,2
neoplasia,27,4,4
Rating,27,2,2
proximal,27,2,2
hyperplasia,27,3,3
surveillance,27,3,3
arthritis,27,4,4
occult,27,2,2
lovastatin,27,3,3
cruris,27,3,3
oxytocin,27,4,4
thyrotropin,27,4,4
congestive,27,3,3
cutaneous,27,2,2
amoxicillin,27,5,5
incontinence,27,4,4
assay,26,2,2
infusion,26,2,2
fever,26,2,2
metabolism,26,3,3
initiation,26,2,2
neuralgia,26,2,2
microalbuminuria,26,4,4
psychiatric,26,3,3
febrile,26,2,2
ROC,26,2,2
plantar,26,2,2
insertion,26,2,2
functioning,26,2,2
improving,26,2,2
strokes,26,2,2
lactulose,26,4,4
Infants,26,2,2
controlling,26,2,2
psychosocial,26,3,3
behaviors,26,2,2
dementia,26,3,3
fecal,26,3,3
acyclovir,26,4,4
granuloma,26,3,3
resonance,26,2,2
DBP,26,2,2
decreasing,25,2,2
clinician,25,2,2
trimester,25,2,2
lumbar,25,2,2
vomiting,25,2,2
hypercholesterolemia,25,7,3
consultation,25,2,2
serotonin,25,4,4
stratified,25,2,2
manipulation,25,2,2
Disease,25,3,3
assessments,25,2,2
scarring,25,2,2
antibody,25,3,3
amitriptyline,25,5,5
suicide,25,2,2
testosterone,25,3,3
tetracycline,25,5,6
isoniazid,25,4,4
diverticulitis,25,4,4
lateral,24,2,2
reviewer,24,2,2
Sensitivity,24,3,3
expiratory,24,3,3
membranes,24,3,3
viral,24,2,2
normotensive,24,3,3
bacteremia,24,3,3
hospitalized,24,2,2
dyspepsia,24,5,5
uterine,24,3,3
complication,24,2,2
metabolic,24,3,3
Serum,24,2,2
mefloquine,24,5,5
salmeterol,24,3,3
trauma,24,2,2
tuberculosis,24,4,5
alendronate,24,4,4
amniotomy,24,4,4
physiotherapy,23,4,3
smear,23,2,2
prognosis,23,3,3
budesonide,23,4,4
postherpetic,23,4,4
outpatients,23,3,2
tumors,23,2,4
suppression,23,2,2
distress,23,2,2
cancers,23,2,2
SSRIs,23,3,3
cellulitis,23,3,3
Oral,23,2,2
itraconazole,23,5,5
inhaler,23,3,3
ischemia,23,3,3
headaches,23,2,2
alarms,23,3,3
nights,23,2,2
survivors,23,3,3
spinal,23,2,2
cuff,23,2,2
rhinitis,23,3,3
adenocarcinoma,23,6,3
criterion,23,2,2
peroxide,23,3,3
niacin,23,3,3
zinc,23,2,2
aneurysms,23,4,4
ejection,22,2,2
elbow,22,2,2
sectional,22,2,2
TIA,22,2,2
Significant,22,3,3
sore,22,2,2
depressed,22,2,2
bypass,22,2,2
edema,22,2,2
nicotine,22,3,3
chondroitin,22,4,4
conflicting,22,2,2
pathology,22,2,2
tablet,22,2,2
colic,22,2,2
mechanisms,22,2,2
Previous,22,2,2
subjective,22,2,2
hemorrhagic,22,5,5
cobalamin,22,4,4
diary,22,2,2
interviews,22,2,2
counseling,22,3,3
newborns,22,3,3
myopathy,22,4,4
nipple,22,3,3
gastroesophageal,22,6,6
acupuncture,22,4,4
stenosis,21,3,3
modalities,21,2,2
triage,21,2,2
evaluations,21,2,2
discharge,21,2,2
thromboembolic,21,6,6
excretion,21,3,3
arterial,21,3,3
transmitted,21,2,2
trends,21,2,2
angioplasty,21,4,4
cessation,21,3,3
residual,21,2,2
poorly,21,2,2
saline,21,2,2
orbital,21,2,2
obstruction,21,2,2
nursing,21,3,3
metoprolol,21,4,4
traction,21,2,2
athletic,21,2,2
beverages,21,3,3
swelling,21,2,2
nystatin,21,3,2
premature,20,2,2
progressive,20,2,2
questionnaires,20,3,2
definitive,20,2,2
decisions,20,2,2
prescription,20,2,2
endometrium,20,3,3
micrograms,20,3,3
consistency,20,2,2
Evidence,20,2,2
journals,20,2,2
Additional,20,2,2
hyperactivity,20,2,2
capitis,20,2,2
intracranial,20,4,4
influenza,20,2,2
ablation,20,2,2
wounds,20,2,2
monthly,20,2,2
esophageal,20,4,4
rotator,20,2,2
CDA,20,2,2
exclusion,19,2,2
exercises,19,3,3
adolescent,19,3,3
isolation,19,2,2
birthweight,19,2,2
tubes,19,2,4
benzodiazepine,19,5,5
sepsis,19,3,3
neutrophil,19,3,3
fertility,19,2,2
urography,19,4,4
testis,19,2,2
reactions,19,2,2
fibroids,19,3,3
placenta,19,3,3
quantitative,19,2,2
bronchodilator,19,4,4
ferrous,19,3,3
radiography,19,2,2
Preventive,19,3,3
smears,19,2,2
stimulation,19,2,2
demographic,19,2,2
ulcers,19,2,2
deterioration,19,4,4
telephone,19,2,2
resection,19,2,2
encopresis,19,4,4
Evaluation,19,3,3
creatine,19,3,3
kinase,19,2,2
traumatic,19,3,3
tenderness,19,3,5
tumor,19,2,4
preventive,19,2,2
paediatric,19,4,4
VAS,19,2,2
minocycline,19,4,4
adrenal,19,3,2
vulgaris,19,3,3
cotinine,19,3,3
cyst,19,2,2
hemorrhoids,19,4,4
benzoyl,19,3,3
vitamins,18,3,2
lipids,18,2,2
Pregnancy,18,4,4
Assessment,18,3,3
simplex,18,2,2
cytologic,18,4,4
hospitals,18,3,3
specimens,18,3,3
cutoff,18,2,2
proteinuria,18,2,2
ampicillin,18,4,4
Outcome,18,2,2
categorized,18,2,2
methodology,18,2,2
modality,18,2,2
nulliparous,18,5,5
perimenopausal,18,5,5
preparations,18,2,2
gout,18,2,2
enzymes,18,3,2
VTE,18,2,2
Acute,18,2,2
newborn,18,2,2
expectancy,18,2,2
distal,18,2,2
strangulation,18,3,3
volunteers,18,2,2
PEG,18,2,2
ipratropium,18,5,5
corporis,18,2,2
ankle,18,3,3
suicidal,18,2,2
treadmill,18,3,4
investigators,18,2,2
analgesic,18,3,3
Centers,18,2,2
cosmetic,18,3,3
penile,18,2,2
rhabdomyolysis,18,6,6
IUS,18,2,2
nevi,18,2,2
clopidogrel,18,5,5
stapled,18,3,3
varicella,18,3,3
coli,18,2,2
enrollment,17,3,3
thrombophlebitis,17,7,7
preliminary,17,3,3
clearance,17,2,2
amniotic,17,3,3
revascularization,17,4,3
lisinopril,17,5,5
Contents,17,2,2
worsening,17,3,3
haemorrhage,17,4,4
illnesses,17,3,2
complaints,17,2,2
Diagnostic,17,2,2
diverticular,17,3,3
lowered,17,2,2
onychomycosis,17,5,5
fluconazole,17,4,4
unchanged,17,2,2
echocardiography,17,5,5
polysomnography,17,5,5
toothpaste,17,3,3
dental,17,2,2
methylmalonic,17,5,5
BCG,17,2,2
abortion,17,2,2
Practice,17,2,2
enuresis,17,3,3
pyogenic,17,3,3
labialis,17,3,3
goitre,17,3,3
insufficiency,17,4,4
Dietary,17,2,2
chlamydia,17,4,4
urodynamic,17,3,3
pharmacotherapy,17,5,4
zolpidem,17,5,5
ovulation,17,2,2
Quality,17,2,2
Questionnaire,17,2,2
ramipril,17,3,3
allergen,17,2,2
levothyroxine,17,5,3
lupus,17,3,3
progestogens,17,4,4
IUDs,17,3,3
atenolol,17,4,4
GDM,17,2,2
aortic,16,3,3
gum,16,2,2
soluble,16,3,3
determination,16,2,2
airway,16,2,2
embolism,16,3,3
Pain,16,2,2
albumin,16,2,2
focal,16,2,2
puncture,16,3,3
babies,16,3,3
inflammation,16,3,3
inpatient,16,3,3
fasciitis,16,3,3
Cancer,16,2,2
percutaneous,16,3,3
acceptability,16,2,2
hyperlipidemia,16,5,3
FMS,16,2,2
toxic,16,2,2
hepatic,16,3,3
pulse,16,2,2
Guidelines,16,3,3
prone,16,2,2
sleeping,16,2,2
Statistical,16,2,2
Disorders,16,2,2
radiographic,16,2,2
inguinal,16,3,3
sinus,16,2,2
curettage,16,4,4
macrocytosis,16,4,4
cigarette,16,3,3
progestin,16,3,3
naproxen,16,4,4
Recent,16,2,2
hazards,16,3,2
luteal,16,3,3
limb,16,2,2
vein,16,2,2
withdrawal,16,2,2
tuberculin,16,4,5
intramuscular,16,4,4
toddlers,16,3,3
strains,16,2,2
uncircumcised,16,5,5
behavioral,16,2,2
hypnotic,16,3,3
ingestion,16,2,2
tube,16,2,3
cramps,16,2,2
micromol,16,3,3
giardiasis,16,4,4
IgM,16,2,2
lacerations,16,3,3
sonography,16,2,2
confirmation,15,2,2
valve,15,2,2
dyslipidemia,15,6,4
longitudinal,15,2,2
Baseline,15,2,2
microscopic,15,3,3
endpoints,15,2,2
Subgroup,15,2,2
opioid,15,3,3
Pooled,15,3,3
Symptoms,15,3,3
Physicians,15,2,2
Comparison,15,2,2
discomfort,15,3,3
reflex,15,2,2
fibromyalgia,15,4,4
cerebral,15,4,4
alprazolam,15,5,5
susceptibility,15,3,3
indicators,15,2,2
rhythm,15,2,2
valproate,15,3,3
measuring,15,2,2
hyperprolactinemia,15,6,6
amenorrhea,15,4,4
hernias,15,3,2
antifungal,15,4,4
glycol,15,3,3
PHN,15,3,3
Cholesterol,15,4,4
Sleep,15,2,2
oestrogen,15,3,2
Panel,15,2,2
colonoscopy,15,3,3
tomography,15,2,2
ointment,15,3,3
lymphocyte,15,5,3
estolate,15,2,2
diarrhoea,15,4,4
estradiol,15,4,4
Retrospective,15,3,3
rifampin,15,3,3
thrush,15,2,2
seasonal,15,2,2
effusion,15,2,2
organic,15,2,2
metoclopramide,15,6,6
scabies,15,3,3
Approximately,14,3,3
inadequate,14,4,2
excessive,14,2,2
hematuria,14,3,3
Exercise,14,3,3
erythrocyte,14,5,5
attending,14,2,2
sedimentation,14,3,3
complaint,14,2,2
serologic,14,3,3
specialists,14,2,2
Cox,14,2,2
pylori,14,3,3
failures,14,2,2
rectal,14,2,2
epididymitis,14,5,5
premenopausal,14,5,5
menopause,14,3,3
acetate,14,3,3
pretest,14,2,2
perfusion,14,2,2
streptococcal,14,5,5
pharmaceutical,14,5,5
whooping,14,3,3
griseofulvin,14,5,5
bilateral,14,3,3
venlafaxine,14,5,5
painful,14,2,2
opioids,14,3,3
atherosclerosis,14,6,6
Examination,14,3,3
vertebral,14,3,3
eating,14,2,2
polysaccharide,14,5,5
diets,14,2,2
adhesive,14,3,3
medicines,14,2,2
lactation,14,3,3
circumcised,14,3,3
hypocalcemia,14,4,4
contraception,14,2,2
penicillin,14,4,4
neonates,14,3,3
receptors,14,3,2
mast,14,2,2
manifestations,14,2,2
myomas,14,2,2
myoma,14,2,2
rehydration,14,5,5
sputum,14,3,3
scrotal,14,3,3
dehydration,14,5,5
ejaculation,14,3,3
thrive,14,2,2
honey,14,2,2
interferon,14,3,3
hospice,14,2,2
epicondylitis,13,5,5
Hispanic,13,3,2
differentiate,13,2,2
automated,13,2,2
swabs,13,2,2
asthmatic,13,3,3
Abstracts,13,2,2
haemorrhagic,13,5,5
ACE,13,2,2
enalapril,13,4,4
cystitis,13,3,3
prescribing,13,3,3
antacids,13,3,3
testicle,13,2,2
Menstrual,13,3,3
lacking,13,2,2
uncontrolled,13,3,3
discrepancies,13,4,4
intolerance,13,4,2
simultaneous,13,2,2
markedly,13,2,2
participant,13,2,2
potassium,13,3,3
streptococcus,13,5,5
atherosclerotic,13,5,5
inhibitor,13,3,3
selective,13,2,2
intestinal,13,3,3
ethnicity,13,3,3
laxative,13,3,3
vitro,13,2,2
homocysteine,13,5,5
hydrochloride,13,4,4
Veterans,13,3,3
Nutrition,13,4,4
intensive,13,2,2
Weight,13,2,2
professionals,13,2,2
parathyroid,13,4,2
dysplasia,13,4,4
aspiration,13,2,2
elevation,13,2,2
anatomic,13,2,2
NSAID,13,3,3
esophagus,13,4,4
tTG,13,3,4
contraindications,13,4,2
neurologic,13,3,3
reductase,13,3,3
stimulant,13,3,3
examining,13,2,2
suspension,13,2,2
investigating,13,2,2
analgesics,13,3,3
appendicitis,13,3,3
sertraline,13,4,4
intercourse,13,2,2
conjunctivitis,13,4,4
pharmacokinetic,13,6,6
euthyroid,13,4,2
ideation,13,2,2
recurrences,13,3,2
basal,13,2,2
kcal,13,2,2
clomiphene,13,4,4
levodopa,13,4,4
propionate,13,3,3
Lyme,13,2,2
TPO,13,2,2
adhesives,13,3,3
IUCD,13,2,2
carriers,13,2,2
enlargement,12,3,3
Lipid,12,2,2
forearm,12,3,3
weakness,12,2,2
leukotriene,12,5,5
centres,12,2,2
metastatic,12,3,3
chemotherapy,12,3,3
laparoscopy,12,4,4
Anxiety,12,3,3
circumference,12,2,2
AUC,12,2,2
meningitis,12,3,3
sexually,12,2,2
preoperative,12,3,3
pump,12,2,2
Relative,12,2,2
citations,12,2,2
Healthy,12,2,2
worsen,12,3,3
hypersensitivity,12,4,2
hepatotoxicity,12,5,5
oxygen,12,2,2
carotid,12,3,3
providers,12,2,2
peptide,12,3,3
autoantibodies,12,5,2
Improvement,12,3,3
mania,12,2,2
pituitary,12,4,4
prolactin,12,4,4
vaccines,12,3,2
dihydroergotamine,12,7,7
sumatriptan,12,4,4
parity,12,2,2
NPH,12,2,2
toenail,12,2,2
polyethylene,12,4,4
WBC,12,2,2
unstable,12,2,2
reactive,12,2,2
syndromes,12,3,2
dressing,12,2,2
referrals,12,3,2
SIL,12,2,2
Calcium,12,3,3
termination,12,2,2
phantom,12,2,2
coenzyme,12,3,2
athlete,12,2,2
antagonist,12,3,3
vaccinated,12,4,4
scanning,12,2,2
ligament,12,2,2
hypogonadism,12,5,5
phosphate,12,3,3
trachomatis,12,4,4
complementary,12,2,2
intact,12,2,2
avoidance,12,2,2
nortriptyline,12,5,5
apnoea,12,3,3
Symptom,12,3,3
polycystic,12,4,4
etiology,12,3,3
meningococcal,12,5,5
tympanostomy,12,4,6
aminotransferase,12,6,6
congenital,12,3,2
nmol,12,3,3
Validity,12,2,2
ranitidine,12,4,4
cosyntropin,12,4,4
musculoskeletal,11,6,6
beverage,11,2,2
Increasing,11,3,3
caregivers,11,3,3
wart,11,2,2
Bacterial,11,3,3
bacteria,11,3,3
Antibiotic,11,4,4
abscess,11,2,2
Antibiotics,11,4,4
Inhaled,11,3,3
admissions,11,2,2
neuropathy,11,4,4
irritation,11,3,3
Chronic,11,2,2
shedding,11,2,2
Surgical,11,3,3
protocols,11,2,2
Outpatient,11,3,3
crossover,11,4,4
bariatric,11,3,3
ripening,11,2,2
antimicrobials,11,6,2
cohorts,11,3,2
transaminase,11,3,3
fetus,11,2,2
hypothyroid,11,3,3
latent,11,2,2
severely,11,2,2
overview,11,2,2
rheumatoid,11,5,5
bromocriptine,11,6,6
uncommon,11,2,2
malaria,11,2,2
MCV,11,2,2
Asthma,11,3,3
hemodynamic,11,3,3
recruitment,11,3,3
ACI,11,2,2
doubling,11,2,2
Diseases,11,3,3
membrane,11,2,2
subcutaneous,11,3,3
Headache,11,2,2
relieving,11,2,2
soiling,11,2,2
kidney,11,2,2
Patient,11,2,2
vertigo,11,2,2
Desmopressin,11,5,5
glibenclamide,11,4,4
glyburide,11,4,4
Few,11,2,2
DEET,11,2,2
cruciate,11,3,3
carpal,11,2,2
wrist,11,2,2
chiropractors,11,4,4
preschool,11,3,3
ethinyl,11,3,3
nerve,11,2,2
Survival,11,3,3
colitis,11,2,2
delirium,11,3,3
menopausal,11,4,4
nodule,11,2,2
specialist,11,2,2
Cognitive,11,3,3
adiposity,11,4,4
rotavirus,11,3,3
copper,11,2,2
aureus,11,3,3
nutrition,11,3,3
colectomy,11,3,3
tonsillar,11,3,3
cisapride,11,4,4
danazol,11,3,3
tear,11,2,2
Clindamycin,11,5,5
loratadine,11,5,5
bacteriuria,11,4,4
SBP,11,3,3
oximetry,11,3,3
cytological,11,3,3
hypertrophy,10,4,4
rickets,10,3,3
AAP,10,2,2
Organization,10,2,2
Large,10,2,2
heel,10,2,2
Effective,10,2,2
specimen,10,2,2
viable,10,2,2
contamination,10,3,3
Streptococcus,10,5,5
Intervention,10,2,2
stools,10,2,2
withdrawn,10,3,3
spray,10,2,2
neuropathic,10,4,4
radiculopathy,10,5,5
Combined,10,3,3
albuminuria,10,3,3
Doppler,10,3,3
Antihypertensive,10,4,2
chlorthalidone,10,6,6
derivation,10,2,2
unresponsive,10,3,3
considerations,10,2,2
widespread,10,4,4
Helicobacter,10,4,4
heartburn,10,2,2
excretory,10,3,3
Routine,10,2,2
appendix,10,2,2
comorbidities,10,4,4
Diabetes,10,3,3
Tobacco,10,2,2
abuse,10,2,2
relapses,10,3,2
histology,10,2,2
immune,10,2,2
Higher,10,2,2
fatty,10,2,2
yearly,10,2,2
tertiary,10,4,3
Cardiovascular,10,5,3
savings,10,2,2
comparative,10,2,2
revascularisation,10,4,3
bladder,10,3,3
Recommendations,10,4,4
epidemiology,10,4,4
toxicity,10,3,3
tubercle,10,3,4
drainage,10,3,3
multicenter,10,3,3
chloroquine,10,5,5
alcoholism,10,3,2
endogenous,10,3,3
annually,10,2,2
macrosomia,10,4,4
inhalers,10,3,3
urgent,10,2,2
Plasma,10,2,2
folate,10,2,2
thrombolysis,10,4,4
saturated,10,3,3
BP,10,2,2
arrhythmias,10,5,5
overnight,10,2,2
metatarsal,10,4,4
stiffness,10,3,3
ibuprofen,10,4,4
Osteoarthritis,10,6,6
celiac,10,2,2
normalized,10,2,2
deficits,10,3,3
bilirubin,10,4,4
Mortality,10,2,2
pathophysiology,10,5,5
Inventory,10,2,2
Interventions,10,3,3
Collaboration,10,3,3
Laboratory,10,2,2
relaxation,10,2,2
lymphadenopathy,10,7,5
enlarged,10,3,3
hydration,10,3,3
diclofenac,10,4,4
solitary,10,2,2
shave,10,2,2
tympanic,10,3,4
emergent,10,2,2
dermatology,10,3,3
counselling,10,3,3
toothpastes,10,5,5
ppm,10,2,2
utilization,10,2,2
miconazole,10,4,4
sedative,10,2,2
DSR,10,2,2
ovary,10,2,2
antigen,10,2,2
perception,10,2,2
nodules,10,2,2
Breast,10,2,2
alginate,10,2,2
pruritus,10,4,4
favoring,10,2,2
sunscreens,10,3,2
oppositional,10,2,2
calcitonin,10,4,4
Complications,10,2,2
disclosure,10,2,2
gonorrhoea,10,5,5
drinks,10,2,2
Metformin,10,3,3
omeprazole,10,5,5
iodixanol,10,5,5
multivariate,10,3,3
kDa,10,2,2
bicarbonate,10,5,5
sucralfate,10,4,4
inconsistent,10,2,2
sclerotherapy,10,4,4
antepartum,10,3,3
ciprofloxacin,10,8,8
manoeuvre,10,4,4
losartan,10,3,3
aging,10,2,2
SHBG,10,3,3
exudate,10,3,3
subarachnoid,10,5,5
mIU,10,3,3
triamcinolone,10,5,5
epidural,10,3,3
anticonvulsants,10,5,5
THA,10,2,2
tendinitis,9,3,5
Successful,9,2,2
osteopenia,9,4,4
undetermined,9,4,4
equivocal,9,3,3
occlusion,9,3,3
preparation,9,2,2
microhematuria,9,4,4
sinusitis,9,3,3
femur,9,2,2
ferritin,9,3,3
airways,9,2,2
cervix,9,3,3
compliant,9,3,3
gynecologic,9,4,4
proton,9,2,2
Airways,9,2,2
dosages,9,2,2
aerobic,9,3,3
contractions,9,2,2
mailed,9,2,2
nausea,9,3,3
susceptible,9,3,3
mediated,9,2,2
investigator,9,2,2
clomipramine,9,5,5
buspirone,9,4,4
hydrochlorothiazide,9,7,7
autoimmune,9,3,3
secretion,9,2,2
laparoscopic,9,5,5
Mental,9,2,2
diverticulosis,9,4,4
Neither,9,2,2
tibial,9,2,4
dopamine,9,3,3
cabergoline,9,3,3
restoration,9,2,2
scans,9,2,2
impaction,9,2,2
fixation,9,2,2
shaft,9,2,2
nonsteroidal,9,4,3
bronchodilators,9,4,4
spacer,9,2,2
prescriptions,9,3,3
immunization,9,3,3
Tamoxifen,9,3,3
Citation,9,2,2
Surgery,9,3,3
facial,9,2,2
tension,9,2,3
qualitative,9,2,2
lactobacillus,9,6,6
EMA,9,2,2
IgA,9,2,2
carbonate,9,2,2
marginal,9,2,2
ineffective,9,3,3
citalopram,9,4,4
fitness,9,2,2
strain,9,2,2
dizziness,9,3,3
scalp,9,2,2
epidemiologic,9,5,5
Cases,9,2,2
biofeedback,9,3,3
Ultrasound,9,3,3
intractable,9,3,3
tolmetin,9,4,4
pharyngeal,9,5,5
miscarriages,9,4,2
triiodothyronine,9,5,5
cooling,9,2,2
nutritional,9,3,3
splenectomy,9,4,4
trichomoniasis,9,5,5
levonorgestrel,9,5,5
calf,9,2,2
shortening,9,2,2
controversy,9,2,2
dyspnea,9,4,4
objectives,9,2,2
Lung,9,2,2
absorption,9,2,2
pharyngitis,9,4,4
Median,9,2,2
diaries,9,2,2
Safety,9,2,2
doxycycline,9,5,5
trimethoprim,9,4,4
researchers,9,2,2
transcervical,9,4,2
gastroenteritis,9,4,4
blacks,9,2,2
urticaria,9,4,4
citrate,9,2,2
iodine,9,3,3
immunoblot,9,4,4
postnatal,9,3,3
microvascular,9,3,2
hyperandrogenism,9,4,4
fatness,9,2,2
dermatologists,9,4,4
sensitization,9,3,3
ventilation,9,2,2
ICU,9,2,2
verrucae,9,4,4
intranasal,9,3,3
ureteral,9,4,4
OCA,9,2,2
IPS,9,2,2
capsaicin,9,4,4
LDA,9,2,2
LVH,9,3,3
oesophagitis,9,5,5
adenotonsillectomy,9,7,7
consulted,8,2,2
massage,8,2,2
HDL,8,2,2
papillomavirus,8,5,5
minority,8,2,2
leukotrienes,8,5,5
analogue,8,2,2
Potential,8,2,2
shorten,8,2,2
textbooks,8,2,2
carries,8,2,2
Exclusion,8,2,2
meetings,8,2,2
suspicious,8,2,2
serology,8,2,2
grades,8,2,2
Consensus,8,2,2
Institutes,8,2,2
Smoking,8,2,2
Relevant,8,2,2
medroxyprogesterone,8,6,4
familial,8,2,2
midwifery,8,4,4
immunoglobulin,8,6,6
consultations,8,2,2
perceived,8,2,2
cerebrovascular,8,5,4
arrhythmia,8,4,4
antigens,8,3,3
Aspirin,8,3,3
Severity,8,2,2
stabilizers,8,2,2
endocrine,8,3,3
adenoma,8,3,3
groin,8,2,2
paroxysmal,8,4,4
drinking,8,2,2
Fasting,8,2,2
sulphonylurea,8,5,5
bedtime,8,2,2
extremity,8,2,2
anticholinergics,8,6,6
inhalation,8,3,3
infarctions,8,3,2
tonsillectomy,8,4,4
Clinic,8,3,3
intolerant,8,4,4
agencies,8,2,2
candidiasis,8,3,3
awareness,8,3,3
colposcopic,8,4,4
veins,8,2,2
blockers,8,2,2
constipated,8,3,3
Alzheimer,8,3,3
unsuccessful,8,3,3
immunocompromised,8,5,5
immunotherapy,8,4,3
phototherapy,8,3,2
lymphocytosis,8,6,4
rebound,8,2,2
unilateral,8,4,4
repellent,8,3,3
exposures,8,2,2
bacitracin,8,5,5
dye,8,2,2
milks,8,2,2
sores,8,2,2
Bordetella,8,4,4
allergies,8,3,3
Ottawa,8,2,2
ectopic,8,4,4
sequelae,8,3,3
Behavior,8,2,2
oils,8,2,2
uterus,8,3,3
ethnic,8,2,2
nebivolol,8,5,5
Healthcare,8,2,2
undiagnosed,8,4,2
reversible,8,2,2
conisation,8,2,2
Parents,8,2,2
STDs,8,3,3
Demographic,8,2,2
tizanidine,8,5,6
captopril,8,3,3
phlebitis,8,4,4
micronized,8,3,3
anticholinergic,8,6,6
neurological,8,4,4
bromide,8,3,3
melanomas,8,3,2
Neisseria,8,3,3
goiters,8,3,3
surgeons,8,3,3
SOD,8,2,2
phosphatase,8,4,4
nasopharynx,8,4,4
macrolide,8,2,2
needle,8,2,2
QALYs,8,4,4
PET,8,2,2
stimulants,8,3,3
ketoconazole,8,5,5
HMO,8,2,2
areata,8,2,2
establishing,8,2,2
reoperation,8,2,2
Pravastatin,8,4,3
neutrophils,8,3,3
youths,8,2,2
macroalbuminuria,8,4,4
aggression,8,2,2
AOR,8,2,2
epidemic,8,3,3
otorrhea,8,4,4
practitioners,8,3,3
sedentary,8,3,3
laxatives,8,3,3
aspartate,8,3,3
GFR,8,2,2
tubal,8,2,4
SPF,8,2,2
tretinoin,8,4,5
unscheduled,8,3,3
nonstress,8,3,3
ribavirin,8,4,4
ACS,8,2,2
jumping,8,2,2
gluten,8,2,2
lymphoma,8,4,2
zoster,8,2,2
RAD,8,2,2
hemofiltration,8,5,5
deficient,8,3,3
Musculoskeletal,7,6,6
flunarizine,7,5,5
minerals,7,3,2
prompted,7,2,2
analyses,7,3,3
hospitalizations,7,2,2
Stroke,7,2,2
nitrogen,7,3,3
genitourinary,7,4,3
antipyretics,7,5,5
suppurative,7,3,3
doctors,7,2,2
laboratories,7,3,3
titration,7,3,3
lidocaine,7,3,3
gradual,7,2,2
endometritis,7,4,4
gentamicin,7,4,4
compromise,7,2,2
lowers,7,2,2
cerebrospinal,7,5,5
seropositive,7,4,4
expenditure,7,3,3
Hypertension,7,3,3
mcg,7,3,3
addiction,7,2,2
fluvastatin,7,4,3
primrose,7,2,2
substances,7,2,2
nurse,7,2,2
Glucosamine,7,5,5
Adverse,7,2,2
vegetables,7,2,2
AST,7,2,2
occlusive,7,3,3
allowance,7,2,2
urinalysis,7,3,3
dipstick,7,3,3
altered,7,2,2
Manual,7,2,2
proceedings,7,2,2
parenteral,7,2,2
physiologic,7,4,4
Infectious,7,3,3
Therapy,7,2,2
adrenergic,7,5,5
transplantation,7,3,3
NHANES,7,4,4
Prevalence,7,3,3
nonsmokers,7,5,2
blocker,7,2,2
Peak,7,2,2
carcinomas,7,3,2
vulvovaginitis,7,6,6
Compliance,7,2,2
Prophylactic,7,4,4
suggestive,7,2,2
Medicare,7,2,2
esophagitis,7,4,4
mg,7,2,2
endoscopies,7,4,4
neuropsychological,7,5,3
metabolites,7,3,3
geriatric,7,3,3
Fisher,7,2,2
dropout,7,2,2
rationale,7,2,2
DATA,7,2,2
completeness,7,3,3
enema,7,2,2
diazepam,7,4,4
resting,7,2,2
coagulation,7,3,3
Neonatal,7,3,3
emotional,7,2,2
uvulopalatopharyngoplasty,7,12,12
antidiabetic,7,4,2
hypoglycemia,7,5,5
repellents,7,3,3
succinate,7,2,2
Vaccination,7,3,3
Pyogenic,7,3,3
anesthesia,7,4,4
bleeds,7,2,2
crying,7,2,2
radiographs,7,3,3
cyclic,7,2,2
therapist,7,3,3
radiologic,7,3,3
meniscus,7,3,3
splenic,7,3,3
practitioner,7,3,3
zopiclone,7,5,5
acarbose,7,3,3
norethindrone,7,5,5
wards,7,2,2
hygiene,7,3,3
doubled,7,2,2
alcoholic,7,3,2
outbreak,7,2,2
Severe,7,2,2
Insomnia,7,3,3
proteins,7,2,2
skeletal,7,3,3
biopsies,7,3,3
Statistically,7,2,2
splinting,7,3,3
naftifine,7,4,4
Chlamydia,7,4,4
capsules,7,2,2
dexamethasone,7,6,6
Sexual,7,2,2
trochanter,7,3,5
antihistamine,7,5,5
methylphenidate,7,6,6
molecular,7,2,2
Acetaminophen,7,5,5
alkaline,7,3,3
sulfamethoxazole,7,7,7
persistence,7,2,2
balloon,7,3,3
decongestants,7,4,4
lichen,7,2,2
Diagnosis,7,3,3
dilatation,7,3,3
Vaccine,7,3,3
antipyretic,7,5,5
pectoris,7,3,3
compartment,7,2,2
Placebo,7,2,2
Findings,7,2,2
infertile,7,3,3
amiodarone,7,4,4
dystocia,7,3,3
penciclovir,7,5,5
atrophy,7,3,3
histamine,7,3,3
verapamil,7,3,3
iohexol,7,3,3
NIDDM,7,3,3
lisuride,7,4,4
Bone,7,2,2
noninflammatory,7,5,2
Staphylococcus,7,6,6
ruling,7,2,2
chloride,7,3,3
antioxidants,7,5,5
formoterol,7,3,3
exacerbations,7,4,4
antenatal,7,2,2
atopy,7,2,2
undescended,7,3,3
defaecation,7,4,4
Subjective,7,2,2
ligation,7,2,2
PSD,7,2,2
smoker,7,2,2
multiparous,7,3,3
parenting,7,2,2
anticardiolipin,7,6,6
radiologists,7,3,3
aneurysm,7,4,4
ACA,7,2,2
oropharyngeal,7,6,6
cobalamins,7,5,5
misoprostol,7,4,4
benazepril,7,3,3
flushes,7,2,2
GAD,7,2,2
chorionic,7,3,3
soda,7,2,2
cardiomyopathy,6,6,6
grip,6,2,2
Physical,6,2,2
Pediatrics,6,3,3
Reports,6,2,2
Apgar,6,3,3
Cohort,6,3,3
duct,6,2,2
tape,6,2,2
temperatures,6,2,2
urological,6,4,4
congestion,6,3,3
Morbidity,6,3,3
dropouts,6,2,2
inhibition,6,3,3
antipsychotic,6,4,4
focusing,6,2,2
Receiver,6,2,2
purulent,6,3,3
aseptic,6,3,3
airflow,6,2,2
extracorporeal,6,5,5
fascia,6,2,2
Clinicians,6,3,3
reveal,6,2,2
gastroplasty,6,5,5
Summary,6,2,2
Effectiveness,6,2,2
Addiction,6,2,2
efficacy,6,2,2
remedies,6,3,3
respondents,6,2,2
Literature,6,2,2
thresholds,6,3,3
ALT,6,2,2
acids,6,2,2
polyps,6,2,2
competitive,6,2,2
tricyclic,6,3,3
Failure,6,2,2
cellular,6,2,2
Duration,6,2,2
Combinations,6,3,3
Disorder,6,2,2
kappa,6,2,2
Impression,6,2,2
methotrexate,6,6,6
contacting,6,2,2
psoriasis,6,4,4
hypothalamic,6,4,4
gonadal,6,3,3
coughing,6,3,2
salbutamol,6,4,4
folic,6,2,2
Protection,6,2,2
hormones,6,3,2
SEM,6,2,2
electrolytes,6,3,3
Framingham,6,3,3
nebulizers,6,3,3
conducting,6,2,2
infarct,6,2,2
circulating,6,2,2
Greater,6,2,2
itching,6,3,3
mildly,6,3,2
somnolence,6,4,4
breathing,6,2,2
snoring,6,2,2
osteocalcin,6,4,4
Difference,6,2,2
turnover,6,2,2
Papanicolaou,6,4,4
avulsion,6,2,2
Cervical,6,3,3
synthesis,6,2,2
calorie,6,2,2
sprains,6,3,3
pathogenesis,6,3,3
unrelated,6,2,2
Available,6,2,2
elimination,6,2,2
Tests,6,2,2
amputation,6,2,2
vena,6,2,2
platelet,6,2,2
inflamed,6,2,2
Score,6,2,2
sigmoidoscopy,6,5,5
abortions,6,2,2
midwives,6,3,3
fruits,6,2,2
palpable,6,3,3
Vitamin,6,2,2
technologies,6,2,2
Incontinence,6,4,4
urologic,6,3,3
LMWH,6,3,3
socioeconomic,6,5,5
mosquito,6,3,3
Infection,6,2,2
electrocautery,6,4,4
infrequent,6,3,3
prodrome,6,2,2
certificates,6,2,2
Erythromycin,6,6,6
determinations,6,2,2
polypeptide,6,4,4
stature,6,2,2
testes,6,2,2
ligamentous,6,3,3
pharmacokinetics,6,6,6
preeclampsia,6,5,5
manipulative,6,2,2
brushing,6,2,2
MeSH,6,2,2
propranolol,6,5,5
Beta,6,2,2
ambulation,6,2,2
foreskin,6,3,3
conservative,6,2,2
Psychological,6,2,2
steroidal,6,3,2
albuterol,6,4,4
Ramipril,6,3,3
cholinergic,6,5,5
adnexal,6,3,3
gonorrhoeae,6,6,6
glucocorticoid,6,6,6
interpretations,6,2,2
HSR,6,2,2
haemoglobin,6,5,5
Proportion,6,3,3
radiograph,6,2,2
rash,6,2,2
solids,6,2,2
orthopedic,6,3,3
planus,6,2,2
Immunization,6,3,3
discrimination,6,3,3
pentoxifylline,6,5,5
malpractice,6,4,4
Inclusion,6,2,2
immunodeficiency,6,5,3
Therapeutic,6,5,5
malformations,6,3,3
cardioversion,6,3,3
sporadic,6,3,3
tailored,6,2,2
prolapse,6,2,2
estimating,6,2,2
cardia,6,2,2
Mycoplasma,6,4,3
cervicitis,6,3,3
accounting,6,2,2
availability,6,2,2
Registry,6,2,2
cheilitis,6,3,3
Obese,6,2,2
masked,6,2,2
abilities,6,2,2
ciclopirox,6,5,5
olamine,6,3,3
thickened,6,2,2
hemorrhoidectomy,6,6,6
adolescence,6,4,4
cryptorchidism,6,4,4
dioxide,6,3,3
hyperlipidaemia,6,4,4
enoxaparin,6,4,4
antiphospholipid,6,6,5
GnRH,6,4,4
purulence,6,3,3
Adherence,6,3,3
anemic,6,3,3
immobilization,6,3,3
brace,6,2,2
comorbidity,6,4,2
chiropractic,6,4,4
scintigraphy,6,5,5
defecation,6,3,3
aberrant,6,2,2
globulin,6,3,3
Longitudinal,6,3,3
flank,6,2,2
periodically,6,2,2
maxillary,6,3,3
stimulating,6,2,2
MIH,6,3,3
informational,6,2,2
calculi,6,2,2
menorrhagia,6,4,4
eccentric,6,3,3
osmolarity,6,4,4
Mono,6,2,2
anaemic,6,4,4
Coronary,5,3,3
Therapies,5,3,3
recommends,5,2,2
Almost,5,2,2
persistently,5,2,2
intravaginal,5,4,3
beclomethasone,5,6,6
aggressive,5,3,3
Pharmaceutical,5,5,5
Lowering,5,2,2
pyelonephritis,5,6,6
Certain,5,2,2
habits,5,2,2
Dyspepsia,5,5,5
retention,5,2,2
Electronic,5,2,2
Confidence,5,2,2
Interval,5,2,2
licensed,5,2,2
prostaglandin,5,4,4
gynecology,5,4,4
chewing,5,2,2
Ratio,5,2,2
hypertriglyceridemia,5,8,4
stimulus,5,2,2
thickening,5,2,2
polyp,5,2,2
thiazide,5,4,4
amine,5,2,2
angiography,5,3,3
Regular,5,2,2
Allocation,5,2,2
adhesion,5,3,3
Panic,5,2,2
prostate,5,2,2
genetic,5,2,2
diffuse,5,2,2
salpingitis,5,3,3
retest,5,2,2
transit,5,2,2
Measures,5,2,2
azathioprine,5,5,5
etretinate,5,3,3
agonist,5,3,3
Bromocriptine,5,6,6
medial,5,2,2
organisms,5,2,2
Respiratory,5,4,4
thickness,5,2,2
Mild,5,2,2
pancreatic,5,3,3
antiemetic,5,3,3
Combination,5,3,3
nail,5,2,2
thrombi,5,3,3
nonspecific,5,4,4
elicited,5,3,3
caesarean,5,4,4
demonstrable,5,3,3
superiority,5,2,2
spacers,5,2,2
Methods,5,2,2
bronchitis,5,3,3
reveals,5,2,2
adenoidectomy,5,5,5
pharmacy,5,3,3
shortened,5,2,2
percentiles,5,2,2
Lovastatin,5,3,3
morbid,5,2,2
Obesity,5,3,3
pedis,5,2,2
Descriptive,5,3,3
verbal,5,2,2
postural,5,2,2
sprain,5,2,2
ankles,5,3,3
Heat,5,2,2
vaginitis,5,4,4
transfusion,5,3,3
Continuous,5,3,3
vaccinations,5,4,2
epidemiological,5,4,4
adenomas,5,3,3
circulatory,5,2,2
workshop,5,2,2
collaborative,5,2,2
Adults,5,3,3
Withdrawal,5,3,3
regulatory,5,2,2
behavioural,5,2,2
recurred,5,3,3
Bowel,5,2,2
barium,5,2,2
tumours,5,2,4
tumour,5,2,4
supervision,5,2,2
Constipation,5,3,3
positional,5,2,2
peritoneal,5,4,4
heterophile,5,3,3
drip,5,2,2
osteotomy,5,4,4
Recurrent,5,2,2
paroxetine,5,4,4
stockings,5,2,2
Chest,5,2,2
adulthood,5,4,4
bites,5,2,2
Topical,5,2,2
localized,5,2,2
capillary,5,3,3
ethanol,5,3,3
Magnetic,5,3,3
brachial,5,3,3
soy,5,2,2
initiate,5,2,2
vesicle,5,2,2
Eight,5,2,2
Surveys,5,3,3
Gastrointestinal,5,5,5
toxin,5,3,3
nasopharyngeal,5,6,6
outbreaks,5,3,3
aspirate,5,3,3
cerumen,5,2,2
triethanolamine,5,6,6
Groups,5,2,2
durations,5,2,2
citation,5,2,2
Incidence,5,2,2
androgen,5,3,3
helmets,5,3,3
sciatica,5,2,2
sedation,5,2,2
visits,5,2,2
irritability,5,3,3
conjugated,5,2,2
estrogens,5,3,2
equine,5,2,2
polymyxin,5,4,4
Ultrasonography,5,4,4
Consecutive,5,3,3
penicillins,5,4,4
interfere,5,3,3
quitting,5,2,2
kilograms,5,3,3
analgesia,5,3,3
filtration,5,3,3
renovascular,5,3,3
hypnosis,5,3,3
suicides,5,2,2
antiviral,5,3,3
sebaceous,5,4,4
telogen,5,2,2
knees,5,2,2
dialysis,5,3,3
Recently,5,2,2
Hospitals,5,4,4
Zolpidem,5,5,5
heparinoid,5,4,4
myalgia,5,3,3
disturbance,5,2,2
Heterogeneity,5,4,4
hyperparathyroidism,5,6,4
probabilities,5,2,2
Breslow,5,2,2
Endometrial,5,3,3
borderline,5,2,2
goiter,5,2,2
guaifenesin,5,5,5
hyaluronan,5,5,5
saturation,5,3,3
serotypes,5,3,3
classroom,5,2,2
MPH,5,2,2
exacerbation,5,4,4
intermenstrual,5,4,2
Quantitative,5,2,2
STUDIES,5,4,4
erythematosus,5,5,4
analyzers,5,2,2
Antidepressants,5,4,4
Transvaginal,5,4,2
sunburn,5,2,2
psychometric,5,2,2
Caucasian,5,4,4
Abnormal,5,2,2
healthcare,5,2,2
fungal,5,2,2
METHODS,5,4,4
Persons,5,2,2
accelerate,5,2,2
Treating,5,2,2
flavored,5,2,2
Observational,5,2,2
doppler,5,3,3
Psychiatry,5,3,3
conjugate,5,2,2
triazolam,5,4,4
electrocardiography,5,4,4
placement,5,2,2
gait,5,2,2
Exposure,5,3,3
mebendazole,5,5,5
suppressive,5,2,2
osmolar,5,3,3
flail,5,2,2
genuine,5,2,2
urethral,5,4,4
cortisol,5,3,3
clofibrate,5,4,4
ESRD,5,3,3
seronegative,5,4,4
douching,5,3,3
Premature,5,2,2
sampled,5,2,2
nevus,5,2,2
defects,5,2,2
lozenges,5,4,4
suture,5,2,2
apolipoprotein,5,6,2
denture,5,2,2
bronchial,5,3,3
critically,5,2,2
sutures,5,3,3
Reported,5,2,2
Insulin,5,3,3
Conclusions,5,3,3
dermatoses,5,3,3
Interview,5,2,2
decarboxylase,5,5,5
inpatients,5,3,3
urologist,5,4,4
straining,5,2,2
pefloxacin,5,6,6
ofloxacin,5,5,5
oedema,5,3,3
prednisone,5,3,3
pigmented,5,4,4
coping,5,2,2
nebulizer,5,3,3
seborrhoeic,5,5,5
shampoo,5,4,4
oligomenorrhea,5,6,6
lansoprazole,5,5,5
quadruple,5,3,3
salicylic,5,3,3
Timing,5,2,2
dB,5,2,2
cytochrome,5,3,3
mite,5,2,2
axial,5,2,2
Adolescent,5,3,3
cigarettes,5,4,4
RNA,5,2,2
hirsutism,5,4,4
lavage,5,2,2
Aging,5,2,2
intracerebral,5,5,5
furoate,5,3,3
SIT,5,2,2
dermatologic,5,4,4
Adjustment,5,3,3
mastalgia,5,4,4
Increased,5,3,3
pediatricians,5,4,4
borage,5,2,2
Tolerance,5,3,3
alkali,5,2,2
emulsion,5,2,2
lactoferrin,5,5,5
hypertensives,5,4,2
parathyroidectomy,5,7,4
stabilizer,5,2,2
PUFA,5,3,3
terfenadine,5,4,4
Mediterranean,5,3,3
gonadotrophin,5,6,6
pantoprazole,5,5,5
indapamide,5,4,4
dentist,5,2,2
hypertrophic,4,4,4
specialized,4,2,2
Soluble,4,3,3
Various,4,2,2
densitometry,4,3,3
Peripheral,4,4,4
Hybrid,4,2,2
presentations,4,2,2
GUM,4,2,2
anaerobic,4,5,5
soreness,4,2,2
Cryotherapy,4,3,3
prothrombin,4,4,4
stump,4,2,2
Hemoglobin,4,4,4
Enalapril,4,4,4
registries,4,3,3
Intrapartum,4,4,4
expenditures,4,4,4
epithelial,4,4,4
adjuvant,4,3,3
antacid,4,3,3
nimodipine,4,4,4
epididymis,4,5,5
dissatisfaction,4,3,3
perceptions,4,3,3
Odds,4,3,3
pancreatitis,4,4,4
flexibility,4,2,2
Poor,4,2,2
ingested,4,2,2
Postmenopausal,4,5,5
epidermal,4,4,4
sulfonamides,4,4,2
furosemide,4,4,4
aromatic,4,3,3
dairy,4,2,2
Functional,4,2,2
Costs,4,2,2
gynaecologist,4,4,4
Saline,4,2,2
compulsive,4,3,3
oxidase,4,3,3
psychotherapy,4,3,4
substance,4,2,2
Multivariate,4,3,3
Surveillance,4,4,4
arteries,4,3,3
ticlopidine,4,5,6
ipsilateral,4,5,5
girdle,4,3,3
smoked,4,2,2
joints,4,2,2
mobilization,4,2,2
cartilage,4,3,3
Gender,4,2,2
preferences,4,2,2
Cough,4,2,2
travelers,4,2,2
Adult,4,2,2
preservation,4,2,2
nurses,4,3,3
hypoglycaemic,4,6,6
diminish,4,2,2
activated,4,2,2
Reporting,4,2,2
iatrogenic,4,4,4
modeling,4,2,2
fluctuations,4,4,4
exhibit,4,2,2
tooth,4,2,2
fluorosis,4,3,3
brush,4,2,2
Thoracic,4,3,3
neoplasms,4,4,4
Published,4,2,2
Criteria,4,2,2
dressings,4,2,2
physiological,4,3,3
posture,4,2,2
weighting,4,2,2
HPV,4,3,3
slides,4,2,2
Lactobacillus,4,6,6
Candida,4,2,2
electrocardiogram,4,4,4
ECG,4,2,2
tracts,4,2,4
specialised,4,2,2
transglutaminase,4,5,5
ispaghula,4,4,4
Annual,4,2,2
itch,4,2,2
drowsiness,4,3,3
appetite,4,3,3
Polyethylene,4,4,4
Positive,4,2,2
Joint,4,2,2
Tricyclic,4,3,3
phlebotomy,4,4,4
subdural,4,3,3
inducing,4,2,2
profound,4,2,2
Clinics,4,3,3
juices,4,2,2
supraclavicular,4,4,4
Bipolar,4,3,3
tailed,4,2,2
Lequesne,4,3,3
differentiated,4,2,2
descriptors,4,2,2
biased,4,2,2
decongestant,4,4,4
narrowing,4,2,2
stressful,4,2,2
wetting,4,2,2
voluntary,4,2,2
acutely,4,2,2
predisposing,4,4,4
Skin,4,2,2
pyoderma,4,3,3
neomycin,4,4,4
Cultures,4,2,2
Incident,4,2,2
duplex,4,2,2
Acyclovir,4,4,4
papule,4,2,2
stratification,4,2,2
bacteriologic,4,5,5
intakes,4,2,2
cooperative,4,3,3
intra,4,2,2
arthroscopy,4,5,5
recovering,4,2,2
Adequate,4,4,4
anticoagulants,4,5,2
Optimal,4,2,2
couples,4,2,2
ionized,4,2,2
magnesium,4,3,3
spouses,4,2,2
pseudogout,4,3,3
Spontaneous,4,3,3
Initiative,4,3,3
caloric,4,3,3
carbohydrate,4,5,5
vegetable,4,2,2
bile,4,2,2
Repeated,4,3,3
employment,4,2,2
Estrogen,4,3,3
Absolute,4,2,2
ophthalmic,4,5,5
pneumoniae,4,4,2
cystoscopy,4,4,4
wake,4,2,2
Hispanics,4,3,3
heels,4,2,2
PEFR,4,3,3
penis,4,2,2
expertise,4,2,2
glomerular,4,3,3
deteriorated,4,4,4
stent,4,2,2
noncompliance,4,3,2
metropolitan,4,2,2
surgeon,4,2,2
suppressed,4,2,2
universities,4,2,2
vancomycin,4,4,4
Clostridium,4,4,4
regulation,4,2,2
norepinephrine,4,5,5
Nicotine,4,3,3
seizures,4,3,3
gels,4,2,2
Pertussis,4,4,4
transdermal,4,3,3
heparinoids,4,4,4
catheter,4,3,3
Alprazolam,4,5,5
Brief,4,2,2
hypotension,4,3,3
bibliography,4,2,2
pathologies,4,2,2
mupirocin,4,4,4
suturing,4,3,3
TAO,4,3,3
Universities,4,2,2
additive,4,2,2
wheeze,4,3,3
econazole,4,3,3
papular,4,2,2
libido,4,2,2
Scores,4,2,2
Epidemiologic,4,5,5
multinodular,4,4,4
exogenous,4,3,3
FNA,4,2,2
Benefits,4,3,3
bioavailability,4,4,4
Alcoholic,4,4,4
biological,4,2,2
sulphate,4,3,3
pneumonias,4,4,2
ethylsuccinate,4,5,5
contagious,4,3,3
QALY,4,3,3
RAS,4,2,2
discoid,4,2,2
androgenic,4,4,4
Scarring,4,2,2
trichotillomania,4,6,6
Neurology,4,4,4
Intentional,4,2,2
childbirth,4,3,3
Shigella,4,3,3
radicular,4,2,2
creams,4,2,2
FFA,4,2,2
Advisory,4,3,3
Empirical,4,3,3
Recommendation,4,4,4
licensure,4,2,2
Finnish,4,2,2
Medicaid,4,3,3
unaware,4,2,2
barrier,4,2,2
TNF,4,2,2
azoles,4,2,2
immunisation,4,3,3
Likelihood,4,3,3
Adjusted,4,3,3
underweight,4,2,2
indwelling,4,3,3
achievement,4,2,2
institutionalized,4,3,3
hydroxyproline,4,4,4
preceded,4,2,2
fatigued,4,3,2
perforation,4,3,3
Depressive,4,3,3
thyroidectomy,4,5,3
hypoparathyroidism,4,7,5
Digoxin,4,3,3
Cardiac,4,2,2
lifestyles,4,3,2
limiting,4,2,2
mucous,4,3,3
condylomata,4,4,4
acuminata,4,3,3
anaesthesia,4,5,5
Factor,4,2,2
HPA,4,2,2
Guideline,4,3,3
manifested,4,2,2
slowing,4,2,2
methylergometrine,4,8,8
migrans,4,2,2
titer,4,2,3
abscesses,4,3,3
genes,4,2,2
calories,4,2,2
ascorbic,4,4,4
suspicion,4,2,2
trunk,4,2,2
antioxidant,4,5,5
dysuria,4,3,3
epidermoid,4,4,4
sensation,4,2,2
stomatitis,4,4,4
explosive,4,2,2
eosinophils,4,5,5
compresses,4,2,2
sulfonylurea,4,5,5
Revised,4,2,2
incisions,4,3,2
powered,4,2,2
antifungals,4,4,4
clotrimazole,4,5,5
leukocyte,4,4,4
agoraphobia,4,5,5
intraarticular,4,4,4
lymphocytes,4,5,3
electrodesiccation,4,4,4
migraines,4,3,2
assisted,4,2,2
retinopathy,4,5,5
triceps,4,3,3
HIV,4,2,2
peanut,4,3,3
CIS,4,2,2
nasogastric,4,4,3
thalassemia,4,4,4
juvenile,4,3,3
Hib,4,2,2
STIs,4,2,2
Maternal,4,2,2
unrestricted,4,4,4
anomalies,4,3,3
Acne,4,2,2
pigment,4,3,3
hairy,4,2,2
APS,4,2,2
chickenpox,4,4,4
menarche,4,3,3
leanness,4,3,3
luteinizing,4,4,4
hyperinsulinemia,4,5,3
Pregnant,4,3,3
SPL,4,2,2
kHz,4,2,2
PTA,4,2,2
cockroach,4,4,4
arthrography,4,5,5
MRA,4,2,2
acetylsalicylic,4,6,6
stillbirth,4,3,3
tPA,4,2,3
varicocele,4,4,4
TBG,4,3,3
perioperative,4,3,3
dobutamine,4,4,4
oesophagus,4,5,5
exertional,4,3,3
parasitological,4,4,4
tinidazole,4,4,6
quinine,4,3,3
Whites,4,2,2
Blacks,4,2,2
Authors,4,2,2
cavity,4,2,2
spastic,4,2,2
diplegia,4,3,3
Physician,4,2,2
HOCM,4,3,3
wheat,4,2,2
conduction,4,2,2
EBV,4,3,3
absenteeism,4,4,4
ergometrine,4,4,4
Escherichia,4,4,4
toilet,4,3,3
benzathine,4,4,4
contaminated,4,3,3
bucindolol,4,5,5
heparins,4,3,3
appropriateness,4,3,3
inhibited,4,3,3
everyday,4,2,2
Ambulatory,4,3,3
sleepiness,4,2,2
renin,4,2,2
Nedocromil,4,4,4
ulcerative,4,3,3
sterilization,4,3,3
reversal,4,2,2
Microalbuminuria,4,4,4
follicular,4,3,3
mammograms,4,4,4
tendons,4,2,2
gonadotropin,4,5,5
Reflex,4,2,2
vulvovaginal,4,5,3
DTS,4,2,2
calcified,4,2,2
pyuria,4,2,2
mammaplasty,4,5,5
SCG,4,2,2
TMS,4,2,2
cilazapril,4,5,5
offspring,4,2,2
bezafibrate,3,5,5
rheumatic,3,4,4
extensor,3,2,2
weaning,3,3,3
psyllium,3,4,4
Fetal,3,2,2
Osteoporosis,3,5,5
cortisone,3,3,3
blot,3,2,2
Virus,3,2,2
Genital,3,2,2
Identification,3,2,2
Throat,3,3,3
corpuscular,3,3,3
wheezing,3,3,3
anticonvulsant,3,5,5
antiarrhythmic,3,5,5
Moderate,3,3,3
Biological,3,2,2
balanced,3,2,2
umbilical,3,3,3
polymorphonuclear,3,5,5
Asymptomatic,3,5,2
obstetrics,3,3,3
epigastric,3,4,3
endoscope,3,3,3
wash,3,2,2
scrotum,3,3,3
glucocorticoids,3,6,6
Appropriate,3,3,3
OGTT,3,3,3
metabolite,3,3,3
chemistry,3,2,2
IgE,3,2,2
Rheumatology,3,5,5
purine,3,2,2
